<Anims>
 <anim name="idle" root="infinity_seed" numframes="1000" framerate="40">
  <frame idx="0" w="91" h="107" x="0.000000" y="-14.349998">
   <element name="infinity_seed" layername="infinity_seed" frame="0" z_index="1" m_a="1.000000" m_b="0.000000" m_c="0.000000" m_d="1.000000" m_tx="0.000000" m_ty="0.000000"/>
  </frame>
  <frame idx="25" w="91" h="107" x="0.000000" y="-14.349998">
   <element name="infinity_seed" layername="infinity_seed" frame="0" z_index="1" m_a="1.000000" m_b="0.000000" m_c="0.000000" m_d="1.000000" m_tx="0.000000" m_ty="0.000000"/>
  </frame>
  <frame idx="50" w="91" h="107" x="0.000000" y="-14.349998">
   <element name="infinity_seed" layername="infinity_seed" frame="0" z_index="1" m_a="1.000000" m_b="0.000000" m_c="0.000000" m_d="1.000000" m_tx="0.000000" m_ty="0.000000"/>
  </frame>
  <frame idx="75" w="91" h="107" x="0.000000" y="-14.349998">
   <element name="infinity_seed" layername="infinity_seed" frame="0" z_index="1" m_a="1.000000" m_b="0.000000" m_c="0.000000" m_d="1.000000" m_tx="0.000000" m_ty="0.000000"/>
  </frame>
  <frame idx="100" w="91" h="107" x="0.000000" y="-14.349998">
   <element name="infinity_seed" layername="infinity_seed" frame="0" z_index="1" m_a="1.000000" m_b="0.000000" m_c="0.000000" m_d="1.000000" m_tx="0.000000" m_ty="0.000000"/>
  </frame>
  <frame idx="125" w="91" h="107" x="0.000000" y="-14.349998">
   <element name="infinity_seed" layername="infinity_seed" frame="0" z_index="1" m_a="1.000000" m_b="0.000000" m_c="0.000000" m_d="1.000000" m_tx="0.000000" m_ty="0.000000"/>
  </frame>
  <frame idx="150" w="91" h="107" x="0.000000" y="-14.349998">
   <element name="infinity_seed" layername="infinity_seed" frame="0" z_index="1" m_a="1.000000" m_b="0.000000" m_c="0.000000" m_d="1.000000" m_tx="0.000000" m_ty="0.000000"/>
  </frame>
  <frame idx="175" w="91" h="107" x="0.000000" y="-14.349998">
   <element name="infinity_seed" layername="infinity_seed" frame="0" z_index="1" m_a="1.000000" m_b="0.000000" m_c="0.000000" m_d="1.000000" m_tx="0.000000" m_ty="0.000000"/>
  </frame>
  <frame idx="200" w="91" h="107" x="0.000000" y="-14.349998">
   <element name="infinity_seed" layername="infinity_seed" frame="0" z_index="1" m_a="1.000000" m_b="0.000000" m_c="0.000000" m_d="1.000000" m_tx="0.000000" m_ty="0.000000"/>
  </frame>
  <frame idx="225" w="91" h="107" x="0.000000" y="-14.349998">
   <element name="infinity_seed" layername="infinity_seed" frame="0" z_index="1" m_a="1.000000" m_b="0.000000" m_c="0.000000" m_d="1.000000" m_tx="0.000000" m_ty="0.000000"/>
  </frame>
  <frame idx="250" w="91" h="107" x="0.000000" y="-14.349998">
   <element name="infinity_seed" layername="infinity_seed" frame="0" z_index="1" m_a="1.000000" m_b="0.000000" m_c="0.000000" m_d="1.000000" m_tx="0.000000" m_ty="0.000000"/>
  </frame>
  <frame idx="275" w="91" h="107" x="0.000000" y="-14.349998">
   <element name="infinity_seed" layername="infinity_seed" frame="0" z_index="1" m_a="1.000000" m_b="0.000000" m_c="0.000000" m_d="1.000000" m_tx="0.000000" m_ty="0.000000"/>
  </frame>
  <frame idx="300" w="91" h="107" x="0.000000" y="-14.349998">
   <element name="infinity_seed" layername="infinity_seed" frame="0" z_index="1" m_a="1.000000" m_b="0.000000" m_c="0.000000" m_d="1.000000" m_tx="0.000000" m_ty="0.000000"/>
  </frame>
  <frame idx="325" w="91" h="107" x="0.000000" y="-14.349998">
   <element name="infinity_seed" layername="infinity_seed" frame="0" z_index="1" m_a="1.000000" m_b="0.000000" m_c="0.000000" m_d="1.000000" m_tx="0.000000" m_ty="0.000000"/>
  </frame>
  <frame idx="350" w="91" h="107" x="0.000000" y="-14.349998">
   <element name="infinity_seed" layername="infinity_seed" frame="0" z_index="1" m_a="1.000000" m_b="0.000000" m_c="0.000000" m_d="1.000000" m_tx="0.000000" m_ty="0.000000"/>
  </frame>
  <frame idx="375" w="91" h="107" x="0.000000" y="-14.349998">
   <element name="infinity_seed" layername="infinity_seed" frame="0" z_index="1" m_a="1.000000" m_b="0.000000" m_c="0.000000" m_d="1.000000" m_tx="0.000000" m_ty="0.000000"/>
  </frame>
  <frame idx="400" w="91" h="107" x="0.000000" y="-14.349998">
   <element name="infinity_seed" layername="infinity_seed" frame="0" z_index="1" m_a="1.000000" m_b="0.000000" m_c="0.000000" m_d="1.000000" m_tx="0.000000" m_ty="0.000000"/>
  </frame>
  <frame idx="425" w="91" h="107" x="0.000000" y="-14.349998">
   <element name="infinity_seed" layername="infinity_seed" frame="0" z_index="1" m_a="1.000000" m_b="0.000000" m_c="0.000000" m_d="1.000000" m_tx="0.000000" m_ty="0.000000"/>
  </frame>
  <frame idx="450" w="91" h="107" x="0.000000" y="-14.349998">
   <element name="infinity_seed" layername="infinity_seed" frame="0" z_index="1" m_a="1.000000" m_b="0.000000" m_c="0.000000" m_d="1.000000" m_tx="0.000000" m_ty="0.000000"/>
  </frame>
  <frame idx="475" w="91" h="107" x="0.000000" y="-14.349998">
   <element name="infinity_seed" layername="infinity_seed" frame="0" z_index="1" m_a="1.000000" m_b="0.000000" m_c="0.000000" m_d="1.000000" m_tx="0.000000" m_ty="0.000000"/>
  </frame>
  <frame idx="500" w="91" h="107" x="0.000000" y="-14.349998">
   <element name="infinity_seed" layername="infinity_seed" frame="0" z_index="1" m_a="1.000000" m_b="0.000000" m_c="0.000000" m_d="1.000000" m_tx="0.000000" m_ty="0.000000"/>
  </frame>
  <frame idx="525" w="91" h="107" x="0.000000" y="-14.349998">
   <element name="infinity_seed" layername="infinity_seed" frame="0" z_index="1" m_a="1.000000" m_b="0.000000" m_c="0.000000" m_d="1.000000" m_tx="0.000000" m_ty="0.000000"/>
  </frame>
  <frame idx="550" w="91" h="107" x="0.000000" y="-14.349998">
   <element name="infinity_seed" layername="infinity_seed" frame="0" z_index="1" m_a="1.000000" m_b="0.000000" m_c="0.000000" m_d="1.000000" m_tx="0.000000" m_ty="0.000000"/>
  </frame>
  <frame idx="575" w="91" h="107" x="0.000000" y="-14.349998">
   <element name="infinity_seed" layername="infinity_seed" frame="0" z_index="1" m_a="1.000000" m_b="0.000000" m_c="0.000000" m_d="1.000000" m_tx="0.000000" m_ty="0.000000"/>
  </frame>
  <frame idx="600" w="91" h="107" x="0.000000" y="-14.349998">
   <element name="infinity_seed" layername="infinity_seed" frame="0" z_index="1" m_a="1.000000" m_b="0.000000" m_c="0.000000" m_d="1.000000" m_tx="0.000000" m_ty="0.000000"/>
  </frame>
  <frame idx="625" w="91" h="107" x="0.000000" y="-14.349998">
   <element name="infinity_seed" layername="infinity_seed" frame="0" z_index="1" m_a="1.000000" m_b="0.000000" m_c="0.000000" m_d="1.000000" m_tx="0.000000" m_ty="0.000000"/>
  </frame>
  <frame idx="650" w="91" h="107" x="0.000000" y="-14.349998">
   <element name="infinity_seed" layername="infinity_seed" frame="0" z_index="1" m_a="1.000000" m_b="0.000000" m_c="0.000000" m_d="1.000000" m_tx="0.000000" m_ty="0.000000"/>
  </frame>
  <frame idx="675" w="91" h="107" x="0.000000" y="-14.349998">
   <element name="infinity_seed" layername="infinity_seed" frame="0" z_index="1" m_a="1.000000" m_b="0.000000" m_c="0.000000" m_d="1.000000" m_tx="0.000000" m_ty="0.000000"/>
  </frame>
  <frame idx="700" w="91" h="107" x="0.000000" y="-14.349998">
   <element name="infinity_seed" layername="infinity_seed" frame="0" z_index="1" m_a="1.000000" m_b="0.000000" m_c="0.000000" m_d="1.000000" m_tx="0.000000" m_ty="0.000000"/>
  </frame>
  <frame idx="725" w="91" h="107" x="0.000000" y="-14.349998">
   <element name="infinity_seed" layername="infinity_seed" frame="0" z_index="1" m_a="1.000000" m_b="0.000000" m_c="0.000000" m_d="1.000000" m_tx="0.000000" m_ty="0.000000"/>
  </frame>
  <frame idx="750" w="91" h="107" x="0.000000" y="-14.349998">
   <element name="infinity_seed" layername="infinity_seed" frame="0" z_index="1" m_a="1.000000" m_b="0.000000" m_c="0.000000" m_d="1.000000" m_tx="0.000000" m_ty="0.000000"/>
  </frame>
  <frame idx="775" w="91" h="107" x="0.000000" y="-14.349998">
   <element name="infinity_seed" layername="infinity_seed" frame="0" z_index="1" m_a="1.000000" m_b="0.000000" m_c="0.000000" m_d="1.000000" m_tx="0.000000" m_ty="0.000000"/>
  </frame>
  <frame idx="800" w="91" h="107" x="0.000000" y="-14.349998">
   <element name="infinity_seed" layername="infinity_seed" frame="0" z_index="1" m_a="1.000000" m_b="0.000000" m_c="0.000000" m_d="1.000000" m_tx="0.000000" m_ty="0.000000"/>
  </frame>
  <frame idx="825" w="91" h="107" x="0.000000" y="-14.349998">
   <element name="infinity_seed" layername="infinity_seed" frame="0" z_index="1" m_a="1.000000" m_b="0.000000" m_c="0.000000" m_d="1.000000" m_tx="0.000000" m_ty="0.000000"/>
  </frame>
  <frame idx="850" w="91" h="107" x="0.000000" y="-14.349998">
   <element name="infinity_seed" layername="infinity_seed" frame="0" z_index="1" m_a="1.000000" m_b="0.000000" m_c="0.000000" m_d="1.000000" m_tx="0.000000" m_ty="0.000000"/>
  </frame>
  <frame idx="875" w="91" h="107" x="0.000000" y="-14.349998">
   <element name="infinity_seed" layername="infinity_seed" frame="0" z_index="1" m_a="1.000000" m_b="0.000000" m_c="0.000000" m_d="1.000000" m_tx="0.000000" m_ty="0.000000"/>
  </frame>
  <frame idx="900" w="91" h="107" x="0.000000" y="-14.349998">
   <element name="infinity_seed" layername="infinity_seed" frame="0" z_index="1" m_a="1.000000" m_b="0.000000" m_c="0.000000" m_d="1.000000" m_tx="0.000000" m_ty="0.000000"/>
  </frame>
  <frame idx="925" w="91" h="107" x="0.000000" y="-14.349998">
   <element name="infinity_seed" layername="infinity_seed" frame="0" z_index="1" m_a="1.000000" m_b="0.000000" m_c="0.000000" m_d="1.000000" m_tx="0.000000" m_ty="0.000000"/>
  </frame>
  <frame idx="950" w="91" h="107" x="0.000000" y="-14.349998">
   <element name="infinity_seed" layername="infinity_seed" frame="0" z_index="1" m_a="1.000000" m_b="0.000000" m_c="0.000000" m_d="1.000000" m_tx="0.000000" m_ty="0.000000"/>
  </frame>
  <frame idx="975" w="91" h="107" x="0.000000" y="-14.349998">
   <element name="infinity_seed" layername="infinity_seed" frame="0" z_index="1" m_a="1.000000" m_b="0.000000" m_c="0.000000" m_d="1.000000" m_tx="0.000000" m_ty="0.000000"/>
  </frame>
 </anim>
</Anims>
