<Anims>
 <anim name="idle" root="bottle_of_juice_of_cristalyium" numframes="1000" framerate="40">
  <frame idx="0" w="132" h="203" x="0.000000" y="-43.750000">
   <element name="bottle_of_juice_of_cristalyium" layername="bottle_of_juice_of_cristalyium" frame="0" z_index="1" m_a="1.000000" m_b="0.000000" m_c="0.000000" m_d="1.000000" m_tx="0.000000" m_ty="0.000000"/>
  </frame>
  <frame idx="25" w="132" h="203" x="0.000000" y="-43.750000">
   <element name="bottle_of_juice_of_cristalyium" layername="bottle_of_juice_of_cristalyium" frame="0" z_index="1" m_a="1.000000" m_b="0.000000" m_c="0.000000" m_d="1.000000" m_tx="0.000000" m_ty="0.000000"/>
  </frame>
  <frame idx="50" w="132" h="203" x="0.000000" y="-43.750000">
   <element name="bottle_of_juice_of_cristalyium" layername="bottle_of_juice_of_cristalyium" frame="0" z_index="1" m_a="1.000000" m_b="0.000000" m_c="0.000000" m_d="1.000000" m_tx="0.000000" m_ty="0.000000"/>
  </frame>
  <frame idx="75" w="132" h="203" x="0.000000" y="-43.750000">
   <element name="bottle_of_juice_of_cristalyium" layername="bottle_of_juice_of_cristalyium" frame="0" z_index="1" m_a="1.000000" m_b="0.000000" m_c="0.000000" m_d="1.000000" m_tx="0.000000" m_ty="0.000000"/>
  </frame>
  <frame idx="100" w="132" h="203" x="0.000000" y="-43.750000">
   <element name="bottle_of_juice_of_cristalyium" layername="bottle_of_juice_of_cristalyium" frame="0" z_index="1" m_a="1.000000" m_b="0.000000" m_c="0.000000" m_d="1.000000" m_tx="0.000000" m_ty="0.000000"/>
  </frame>
  <frame idx="125" w="132" h="203" x="0.000000" y="-43.750000">
   <element name="bottle_of_juice_of_cristalyium" layername="bottle_of_juice_of_cristalyium" frame="0" z_index="1" m_a="1.000000" m_b="0.000000" m_c="0.000000" m_d="1.000000" m_tx="0.000000" m_ty="0.000000"/>
  </frame>
  <frame idx="150" w="132" h="203" x="0.000000" y="-43.750000">
   <element name="bottle_of_juice_of_cristalyium" layername="bottle_of_juice_of_cristalyium" frame="0" z_index="1" m_a="1.000000" m_b="0.000000" m_c="0.000000" m_d="1.000000" m_tx="0.000000" m_ty="0.000000"/>
  </frame>
  <frame idx="175" w="132" h="203" x="0.000000" y="-43.750000">
   <element name="bottle_of_juice_of_cristalyium" layername="bottle_of_juice_of_cristalyium" frame="0" z_index="1" m_a="1.000000" m_b="0.000000" m_c="0.000000" m_d="1.000000" m_tx="0.000000" m_ty="0.000000"/>
  </frame>
  <frame idx="200" w="132" h="203" x="0.000000" y="-43.750000">
   <element name="bottle_of_juice_of_cristalyium" layername="bottle_of_juice_of_cristalyium" frame="0" z_index="1" m_a="1.000000" m_b="0.000000" m_c="0.000000" m_d="1.000000" m_tx="0.000000" m_ty="0.000000"/>
  </frame>
  <frame idx="225" w="132" h="203" x="0.000000" y="-43.750000">
   <element name="bottle_of_juice_of_cristalyium" layername="bottle_of_juice_of_cristalyium" frame="0" z_index="1" m_a="1.000000" m_b="0.000000" m_c="0.000000" m_d="1.000000" m_tx="0.000000" m_ty="0.000000"/>
  </frame>
  <frame idx="250" w="132" h="203" x="0.000000" y="-43.750000">
   <element name="bottle_of_juice_of_cristalyium" layername="bottle_of_juice_of_cristalyium" frame="0" z_index="1" m_a="1.000000" m_b="0.000000" m_c="0.000000" m_d="1.000000" m_tx="0.000000" m_ty="0.000000"/>
  </frame>
  <frame idx="275" w="132" h="203" x="0.000000" y="-43.750000">
   <element name="bottle_of_juice_of_cristalyium" layername="bottle_of_juice_of_cristalyium" frame="0" z_index="1" m_a="1.000000" m_b="0.000000" m_c="0.000000" m_d="1.000000" m_tx="0.000000" m_ty="0.000000"/>
  </frame>
  <frame idx="300" w="132" h="203" x="0.000000" y="-43.750000">
   <element name="bottle_of_juice_of_cristalyium" layername="bottle_of_juice_of_cristalyium" frame="0" z_index="1" m_a="1.000000" m_b="0.000000" m_c="0.000000" m_d="1.000000" m_tx="0.000000" m_ty="0.000000"/>
  </frame>
  <frame idx="325" w="132" h="203" x="0.000000" y="-43.750000">
   <element name="bottle_of_juice_of_cristalyium" layername="bottle_of_juice_of_cristalyium" frame="0" z_index="1" m_a="1.000000" m_b="0.000000" m_c="0.000000" m_d="1.000000" m_tx="0.000000" m_ty="0.000000"/>
  </frame>
  <frame idx="350" w="132" h="203" x="0.000000" y="-43.750000">
   <element name="bottle_of_juice_of_cristalyium" layername="bottle_of_juice_of_cristalyium" frame="0" z_index="1" m_a="1.000000" m_b="0.000000" m_c="0.000000" m_d="1.000000" m_tx="0.000000" m_ty="0.000000"/>
  </frame>
  <frame idx="375" w="132" h="203" x="0.000000" y="-43.750000">
   <element name="bottle_of_juice_of_cristalyium" layername="bottle_of_juice_of_cristalyium" frame="0" z_index="1" m_a="1.000000" m_b="0.000000" m_c="0.000000" m_d="1.000000" m_tx="0.000000" m_ty="0.000000"/>
  </frame>
  <frame idx="400" w="132" h="203" x="0.000000" y="-43.750000">
   <element name="bottle_of_juice_of_cristalyium" layername="bottle_of_juice_of_cristalyium" frame="0" z_index="1" m_a="1.000000" m_b="0.000000" m_c="0.000000" m_d="1.000000" m_tx="0.000000" m_ty="0.000000"/>
  </frame>
  <frame idx="425" w="132" h="203" x="0.000000" y="-43.750000">
   <element name="bottle_of_juice_of_cristalyium" layername="bottle_of_juice_of_cristalyium" frame="0" z_index="1" m_a="1.000000" m_b="0.000000" m_c="0.000000" m_d="1.000000" m_tx="0.000000" m_ty="0.000000"/>
  </frame>
  <frame idx="450" w="132" h="203" x="0.000000" y="-43.750000">
   <element name="bottle_of_juice_of_cristalyium" layername="bottle_of_juice_of_cristalyium" frame="0" z_index="1" m_a="1.000000" m_b="0.000000" m_c="0.000000" m_d="1.000000" m_tx="0.000000" m_ty="0.000000"/>
  </frame>
  <frame idx="475" w="132" h="203" x="0.000000" y="-43.750000">
   <element name="bottle_of_juice_of_cristalyium" layername="bottle_of_juice_of_cristalyium" frame="0" z_index="1" m_a="1.000000" m_b="0.000000" m_c="0.000000" m_d="1.000000" m_tx="0.000000" m_ty="0.000000"/>
  </frame>
  <frame idx="500" w="132" h="203" x="0.000000" y="-43.750000">
   <element name="bottle_of_juice_of_cristalyium" layername="bottle_of_juice_of_cristalyium" frame="0" z_index="1" m_a="1.000000" m_b="0.000000" m_c="0.000000" m_d="1.000000" m_tx="0.000000" m_ty="0.000000"/>
  </frame>
  <frame idx="525" w="132" h="203" x="0.000000" y="-43.750000">
   <element name="bottle_of_juice_of_cristalyium" layername="bottle_of_juice_of_cristalyium" frame="0" z_index="1" m_a="1.000000" m_b="0.000000" m_c="0.000000" m_d="1.000000" m_tx="0.000000" m_ty="0.000000"/>
  </frame>
  <frame idx="550" w="132" h="203" x="0.000000" y="-43.750000">
   <element name="bottle_of_juice_of_cristalyium" layername="bottle_of_juice_of_cristalyium" frame="0" z_index="1" m_a="1.000000" m_b="0.000000" m_c="0.000000" m_d="1.000000" m_tx="0.000000" m_ty="0.000000"/>
  </frame>
  <frame idx="575" w="132" h="203" x="0.000000" y="-43.750000">
   <element name="bottle_of_juice_of_cristalyium" layername="bottle_of_juice_of_cristalyium" frame="0" z_index="1" m_a="1.000000" m_b="0.000000" m_c="0.000000" m_d="1.000000" m_tx="0.000000" m_ty="0.000000"/>
  </frame>
  <frame idx="600" w="132" h="203" x="0.000000" y="-43.750000">
   <element name="bottle_of_juice_of_cristalyium" layername="bottle_of_juice_of_cristalyium" frame="0" z_index="1" m_a="1.000000" m_b="0.000000" m_c="0.000000" m_d="1.000000" m_tx="0.000000" m_ty="0.000000"/>
  </frame>
  <frame idx="625" w="132" h="203" x="0.000000" y="-43.750000">
   <element name="bottle_of_juice_of_cristalyium" layername="bottle_of_juice_of_cristalyium" frame="0" z_index="1" m_a="1.000000" m_b="0.000000" m_c="0.000000" m_d="1.000000" m_tx="0.000000" m_ty="0.000000"/>
  </frame>
  <frame idx="650" w="132" h="203" x="0.000000" y="-43.750000">
   <element name="bottle_of_juice_of_cristalyium" layername="bottle_of_juice_of_cristalyium" frame="0" z_index="1" m_a="1.000000" m_b="0.000000" m_c="0.000000" m_d="1.000000" m_tx="0.000000" m_ty="0.000000"/>
  </frame>
  <frame idx="675" w="132" h="203" x="0.000000" y="-43.750000">
   <element name="bottle_of_juice_of_cristalyium" layername="bottle_of_juice_of_cristalyium" frame="0" z_index="1" m_a="1.000000" m_b="0.000000" m_c="0.000000" m_d="1.000000" m_tx="0.000000" m_ty="0.000000"/>
  </frame>
  <frame idx="700" w="132" h="203" x="0.000000" y="-43.750000">
   <element name="bottle_of_juice_of_cristalyium" layername="bottle_of_juice_of_cristalyium" frame="0" z_index="1" m_a="1.000000" m_b="0.000000" m_c="0.000000" m_d="1.000000" m_tx="0.000000" m_ty="0.000000"/>
  </frame>
  <frame idx="725" w="132" h="203" x="0.000000" y="-43.750000">
   <element name="bottle_of_juice_of_cristalyium" layername="bottle_of_juice_of_cristalyium" frame="0" z_index="1" m_a="1.000000" m_b="0.000000" m_c="0.000000" m_d="1.000000" m_tx="0.000000" m_ty="0.000000"/>
  </frame>
  <frame idx="750" w="132" h="203" x="0.000000" y="-43.750000">
   <element name="bottle_of_juice_of_cristalyium" layername="bottle_of_juice_of_cristalyium" frame="0" z_index="1" m_a="1.000000" m_b="0.000000" m_c="0.000000" m_d="1.000000" m_tx="0.000000" m_ty="0.000000"/>
  </frame>
  <frame idx="775" w="132" h="203" x="0.000000" y="-43.750000">
   <element name="bottle_of_juice_of_cristalyium" layername="bottle_of_juice_of_cristalyium" frame="0" z_index="1" m_a="1.000000" m_b="0.000000" m_c="0.000000" m_d="1.000000" m_tx="0.000000" m_ty="0.000000"/>
  </frame>
  <frame idx="800" w="132" h="203" x="0.000000" y="-43.750000">
   <element name="bottle_of_juice_of_cristalyium" layername="bottle_of_juice_of_cristalyium" frame="0" z_index="1" m_a="1.000000" m_b="0.000000" m_c="0.000000" m_d="1.000000" m_tx="0.000000" m_ty="0.000000"/>
  </frame>
  <frame idx="825" w="132" h="203" x="0.000000" y="-43.750000">
   <element name="bottle_of_juice_of_cristalyium" layername="bottle_of_juice_of_cristalyium" frame="0" z_index="1" m_a="1.000000" m_b="0.000000" m_c="0.000000" m_d="1.000000" m_tx="0.000000" m_ty="0.000000"/>
  </frame>
  <frame idx="850" w="132" h="203" x="0.000000" y="-43.750000">
   <element name="bottle_of_juice_of_cristalyium" layername="bottle_of_juice_of_cristalyium" frame="0" z_index="1" m_a="1.000000" m_b="0.000000" m_c="0.000000" m_d="1.000000" m_tx="0.000000" m_ty="0.000000"/>
  </frame>
  <frame idx="875" w="132" h="203" x="0.000000" y="-43.750000">
   <element name="bottle_of_juice_of_cristalyium" layername="bottle_of_juice_of_cristalyium" frame="0" z_index="1" m_a="1.000000" m_b="0.000000" m_c="0.000000" m_d="1.000000" m_tx="0.000000" m_ty="0.000000"/>
  </frame>
  <frame idx="900" w="132" h="203" x="0.000000" y="-43.750000">
   <element name="bottle_of_juice_of_cristalyium" layername="bottle_of_juice_of_cristalyium" frame="0" z_index="1" m_a="1.000000" m_b="0.000000" m_c="0.000000" m_d="1.000000" m_tx="0.000000" m_ty="0.000000"/>
  </frame>
  <frame idx="925" w="132" h="203" x="0.000000" y="-43.750000">
   <element name="bottle_of_juice_of_cristalyium" layername="bottle_of_juice_of_cristalyium" frame="0" z_index="1" m_a="1.000000" m_b="0.000000" m_c="0.000000" m_d="1.000000" m_tx="0.000000" m_ty="0.000000"/>
  </frame>
  <frame idx="950" w="132" h="203" x="0.000000" y="-43.750000">
   <element name="bottle_of_juice_of_cristalyium" layername="bottle_of_juice_of_cristalyium" frame="0" z_index="1" m_a="1.000000" m_b="0.000000" m_c="0.000000" m_d="1.000000" m_tx="0.000000" m_ty="0.000000"/>
  </frame>
  <frame idx="975" w="132" h="203" x="0.000000" y="-43.750000">
   <element name="bottle_of_juice_of_cristalyium" layername="bottle_of_juice_of_cristalyium" frame="0" z_index="1" m_a="1.000000" m_b="0.000000" m_c="0.000000" m_d="1.000000" m_tx="0.000000" m_ty="0.000000"/>
  </frame>
 </anim>
</Anims>
