<Anims>
 <anim name="idle_loop" root="infinity_catalyst" numframes="3000" framerate="40">
  <frame idx="0" w="140" h="219" x="1.257729" y="-70.170364">
   <element name="infinity_catalyst" layername="infinity_catalyst" frame="0" z_index="1" m_a="1.000000" m_b="0.000000" m_c="0.000000" m_d="1.000000" m_tx="0.000000" m_ty="-70.000000"/>
  </frame>
  <frame idx="25" w="140" h="219" x="1.257729" y="-70.370773">
   <element name="infinity_catalyst" layername="infinity_catalyst" frame="0" z_index="1" m_a="1.000000" m_b="0.000000" m_c="0.000000" m_d="1.000000" m_tx="0.000000" m_ty="-70.200401"/>
  </frame>
  <frame idx="50" w="140" h="219" x="1.257729" y="-70.571167">
   <element name="infinity_catalyst" layername="infinity_catalyst" frame="0" z_index="1" m_a="1.000000" m_b="0.000000" m_c="0.000000" m_d="1.000000" m_tx="0.000000" m_ty="-70.400803"/>
  </frame>
  <frame idx="75" w="140" h="219" x="1.257729" y="-70.771561">
   <element name="infinity_catalyst" layername="infinity_catalyst" frame="0" z_index="1" m_a="1.000000" m_b="0.000000" m_c="0.000000" m_d="1.000000" m_tx="0.000000" m_ty="-70.601204"/>
  </frame>
  <frame idx="100" w="140" h="219" x="1.257729" y="-70.971970">
   <element name="infinity_catalyst" layername="infinity_catalyst" frame="0" z_index="1" m_a="1.000000" m_b="0.000000" m_c="0.000000" m_d="1.000000" m_tx="0.000000" m_ty="-70.801605"/>
  </frame>
  <frame idx="125" w="140" h="220" x="1.257729" y="-71.172379">
   <element name="infinity_catalyst" layername="infinity_catalyst" frame="0" z_index="1" m_a="1.000000" m_b="0.000000" m_c="0.000000" m_d="1.000000" m_tx="0.000000" m_ty="-71.002007"/>
  </frame>
  <frame idx="150" w="140" h="220" x="1.257729" y="-71.372772">
   <element name="infinity_catalyst" layername="infinity_catalyst" frame="0" z_index="1" m_a="1.000000" m_b="0.000000" m_c="0.000000" m_d="1.000000" m_tx="0.000000" m_ty="-71.202408"/>
  </frame>
  <frame idx="175" w="140" h="220" x="1.257729" y="-71.573166">
   <element name="infinity_catalyst" layername="infinity_catalyst" frame="0" z_index="1" m_a="1.000000" m_b="0.000000" m_c="0.000000" m_d="1.000000" m_tx="0.000000" m_ty="-71.402809"/>
  </frame>
  <frame idx="200" w="140" h="220" x="1.257729" y="-71.773575">
   <element name="infinity_catalyst" layername="infinity_catalyst" frame="0" z_index="1" m_a="1.000000" m_b="0.000000" m_c="0.000000" m_d="1.000000" m_tx="0.000000" m_ty="-71.603203"/>
  </frame>
  <frame idx="225" w="140" h="220" x="1.257729" y="-71.973969">
   <element name="infinity_catalyst" layername="infinity_catalyst" frame="0" z_index="1" m_a="1.000000" m_b="0.000000" m_c="0.000000" m_d="1.000000" m_tx="0.000000" m_ty="-71.803604"/>
  </frame>
  <frame idx="250" w="140" h="222" x="1.257729" y="-72.174362">
   <element name="infinity_catalyst" layername="infinity_catalyst" frame="0" z_index="1" m_a="1.000000" m_b="0.000000" m_c="0.000000" m_d="1.000000" m_tx="0.000000" m_ty="-72.004005"/>
  </frame>
  <frame idx="275" w="140" h="222" x="1.257729" y="-72.374771">
   <element name="infinity_catalyst" layername="infinity_catalyst" frame="0" z_index="1" m_a="1.000000" m_b="0.000000" m_c="0.000000" m_d="1.000000" m_tx="0.000000" m_ty="-72.204407"/>
  </frame>
  <frame idx="300" w="140" h="222" x="1.257729" y="-72.575180">
   <element name="infinity_catalyst" layername="infinity_catalyst" frame="0" z_index="1" m_a="1.000000" m_b="0.000000" m_c="0.000000" m_d="1.000000" m_tx="0.000000" m_ty="-72.404808"/>
  </frame>
  <frame idx="325" w="140" h="222" x="1.257729" y="-72.775574">
   <element name="infinity_catalyst" layername="infinity_catalyst" frame="0" z_index="1" m_a="1.000000" m_b="0.000000" m_c="0.000000" m_d="1.000000" m_tx="0.000000" m_ty="-72.605209"/>
  </frame>
  <frame idx="350" w="140" h="222" x="1.257729" y="-72.975967">
   <element name="infinity_catalyst" layername="infinity_catalyst" frame="0" z_index="1" m_a="1.000000" m_b="0.000000" m_c="0.000000" m_d="1.000000" m_tx="0.000000" m_ty="-72.805611"/>
  </frame>
  <frame idx="375" w="140" h="223" x="1.257729" y="-73.176376">
   <element name="infinity_catalyst" layername="infinity_catalyst" frame="0" z_index="1" m_a="1.000000" m_b="0.000000" m_c="0.000000" m_d="1.000000" m_tx="0.000000" m_ty="-73.006012"/>
  </frame>
  <frame idx="400" w="140" h="223" x="1.257729" y="-73.376785">
   <element name="infinity_catalyst" layername="infinity_catalyst" frame="0" z_index="1" m_a="1.000000" m_b="0.000000" m_c="0.000000" m_d="1.000000" m_tx="0.000000" m_ty="-73.206413"/>
  </frame>
  <frame idx="425" w="140" h="223" x="1.257729" y="-73.577179">
   <element name="infinity_catalyst" layername="infinity_catalyst" frame="0" z_index="1" m_a="1.000000" m_b="0.000000" m_c="0.000000" m_d="1.000000" m_tx="0.000000" m_ty="-73.406815"/>
  </frame>
  <frame idx="450" w="140" h="223" x="1.257729" y="-73.777573">
   <element name="infinity_catalyst" layername="infinity_catalyst" frame="0" z_index="1" m_a="1.000000" m_b="0.000000" m_c="0.000000" m_d="1.000000" m_tx="0.000000" m_ty="-73.607216"/>
  </frame>
  <frame idx="475" w="140" h="223" x="1.257729" y="-73.977982">
   <element name="infinity_catalyst" layername="infinity_catalyst" frame="0" z_index="1" m_a="1.000000" m_b="0.000000" m_c="0.000000" m_d="1.000000" m_tx="0.000000" m_ty="-73.807617"/>
  </frame>
  <frame idx="500" w="140" h="224" x="1.257729" y="-74.178391">
   <element name="infinity_catalyst" layername="infinity_catalyst" frame="0" z_index="1" m_a="1.000000" m_b="0.000000" m_c="0.000000" m_d="1.000000" m_tx="0.000000" m_ty="-74.008018"/>
  </frame>
  <frame idx="525" w="140" h="224" x="1.257729" y="-74.378784">
   <element name="infinity_catalyst" layername="infinity_catalyst" frame="0" z_index="1" m_a="1.000000" m_b="0.000000" m_c="0.000000" m_d="1.000000" m_tx="0.000000" m_ty="-74.208420"/>
  </frame>
  <frame idx="550" w="140" h="224" x="1.257729" y="-74.579178">
   <element name="infinity_catalyst" layername="infinity_catalyst" frame="0" z_index="1" m_a="1.000000" m_b="0.000000" m_c="0.000000" m_d="1.000000" m_tx="0.000000" m_ty="-74.408821"/>
  </frame>
  <frame idx="575" w="140" h="224" x="1.257729" y="-74.779587">
   <element name="infinity_catalyst" layername="infinity_catalyst" frame="0" z_index="1" m_a="1.000000" m_b="0.000000" m_c="0.000000" m_d="1.000000" m_tx="0.000000" m_ty="-74.609222"/>
  </frame>
  <frame idx="600" w="140" h="224" x="1.257729" y="-74.979980">
   <element name="infinity_catalyst" layername="infinity_catalyst" frame="0" z_index="1" m_a="1.000000" m_b="0.000000" m_c="0.000000" m_d="1.000000" m_tx="0.000000" m_ty="-74.809616"/>
  </frame>
  <frame idx="625" w="140" h="225" x="1.257729" y="-75.180374">
   <element name="infinity_catalyst" layername="infinity_catalyst" frame="0" z_index="1" m_a="1.000000" m_b="0.000000" m_c="0.000000" m_d="1.000000" m_tx="0.000000" m_ty="-75.010017"/>
  </frame>
  <frame idx="650" w="140" h="225" x="1.257729" y="-75.380783">
   <element name="infinity_catalyst" layername="infinity_catalyst" frame="0" z_index="1" m_a="1.000000" m_b="0.000000" m_c="0.000000" m_d="1.000000" m_tx="0.000000" m_ty="-75.210419"/>
  </frame>
  <frame idx="675" w="140" h="225" x="1.257729" y="-75.581192">
   <element name="infinity_catalyst" layername="infinity_catalyst" frame="0" z_index="1" m_a="1.000000" m_b="0.000000" m_c="0.000000" m_d="1.000000" m_tx="0.000000" m_ty="-75.410820"/>
  </frame>
  <frame idx="700" w="140" h="225" x="1.257729" y="-75.781586">
   <element name="infinity_catalyst" layername="infinity_catalyst" frame="0" z_index="1" m_a="1.000000" m_b="0.000000" m_c="0.000000" m_d="1.000000" m_tx="0.000000" m_ty="-75.611221"/>
  </frame>
  <frame idx="725" w="140" h="225" x="1.257729" y="-75.981979">
   <element name="infinity_catalyst" layername="infinity_catalyst" frame="0" z_index="1" m_a="1.000000" m_b="0.000000" m_c="0.000000" m_d="1.000000" m_tx="0.000000" m_ty="-75.811623"/>
  </frame>
  <frame idx="750" w="140" h="226" x="1.257729" y="-76.182388">
   <element name="infinity_catalyst" layername="infinity_catalyst" frame="0" z_index="1" m_a="1.000000" m_b="0.000000" m_c="0.000000" m_d="1.000000" m_tx="0.000000" m_ty="-76.012024"/>
  </frame>
  <frame idx="775" w="140" h="226" x="1.257729" y="-76.382797">
   <element name="infinity_catalyst" layername="infinity_catalyst" frame="0" z_index="1" m_a="1.000000" m_b="0.000000" m_c="0.000000" m_d="1.000000" m_tx="0.000000" m_ty="-76.212425"/>
  </frame>
  <frame idx="800" w="140" h="226" x="1.257729" y="-76.583191">
   <element name="infinity_catalyst" layername="infinity_catalyst" frame="0" z_index="1" m_a="1.000000" m_b="0.000000" m_c="0.000000" m_d="1.000000" m_tx="0.000000" m_ty="-76.412827"/>
  </frame>
  <frame idx="825" w="140" h="226" x="1.257729" y="-76.783585">
   <element name="infinity_catalyst" layername="infinity_catalyst" frame="0" z_index="1" m_a="1.000000" m_b="0.000000" m_c="0.000000" m_d="1.000000" m_tx="0.000000" m_ty="-76.613228"/>
  </frame>
  <frame idx="850" w="140" h="226" x="1.257729" y="-76.983994">
   <element name="infinity_catalyst" layername="infinity_catalyst" frame="0" z_index="1" m_a="1.000000" m_b="0.000000" m_c="0.000000" m_d="1.000000" m_tx="0.000000" m_ty="-76.813629"/>
  </frame>
  <frame idx="875" w="140" h="227" x="1.257729" y="-77.184402">
   <element name="infinity_catalyst" layername="infinity_catalyst" frame="0" z_index="1" m_a="1.000000" m_b="0.000000" m_c="0.000000" m_d="1.000000" m_tx="0.000000" m_ty="-77.014030"/>
  </frame>
  <frame idx="900" w="140" h="227" x="1.257729" y="-77.384796">
   <element name="infinity_catalyst" layername="infinity_catalyst" frame="0" z_index="1" m_a="1.000000" m_b="0.000000" m_c="0.000000" m_d="1.000000" m_tx="0.000000" m_ty="-77.214432"/>
  </frame>
  <frame idx="925" w="140" h="227" x="1.257729" y="-77.585190">
   <element name="infinity_catalyst" layername="infinity_catalyst" frame="0" z_index="1" m_a="1.000000" m_b="0.000000" m_c="0.000000" m_d="1.000000" m_tx="0.000000" m_ty="-77.414825"/>
  </frame>
  <frame idx="950" w="140" h="227" x="1.257729" y="-77.785599">
   <element name="infinity_catalyst" layername="infinity_catalyst" frame="0" z_index="1" m_a="1.000000" m_b="0.000000" m_c="0.000000" m_d="1.000000" m_tx="0.000000" m_ty="-77.615234"/>
  </frame>
  <frame idx="975" w="140" h="227" x="1.257729" y="-77.985992">
   <element name="infinity_catalyst" layername="infinity_catalyst" frame="0" z_index="1" m_a="1.000000" m_b="0.000000" m_c="0.000000" m_d="1.000000" m_tx="0.000000" m_ty="-77.815628"/>
  </frame>
  <frame idx="1000" w="140" h="228" x="1.257729" y="-78.186386">
   <element name="infinity_catalyst" layername="infinity_catalyst" frame="0" z_index="1" m_a="1.000000" m_b="0.000000" m_c="0.000000" m_d="1.000000" m_tx="0.000000" m_ty="-78.016029"/>
  </frame>
  <frame idx="1025" w="140" h="228" x="1.257729" y="-78.386795">
   <element name="infinity_catalyst" layername="infinity_catalyst" frame="0" z_index="1" m_a="1.000000" m_b="0.000000" m_c="0.000000" m_d="1.000000" m_tx="0.000000" m_ty="-78.216431"/>
  </frame>
  <frame idx="1050" w="140" h="228" x="1.257729" y="-78.587204">
   <element name="infinity_catalyst" layername="infinity_catalyst" frame="0" z_index="1" m_a="1.000000" m_b="0.000000" m_c="0.000000" m_d="1.000000" m_tx="0.000000" m_ty="-78.416832"/>
  </frame>
  <frame idx="1075" w="140" h="228" x="1.257729" y="-78.787598">
   <element name="infinity_catalyst" layername="infinity_catalyst" frame="0" z_index="1" m_a="1.000000" m_b="0.000000" m_c="0.000000" m_d="1.000000" m_tx="0.000000" m_ty="-78.617233"/>
  </frame>
  <frame idx="1100" w="140" h="228" x="1.257729" y="-78.987991">
   <element name="infinity_catalyst" layername="infinity_catalyst" frame="0" z_index="1" m_a="1.000000" m_b="0.000000" m_c="0.000000" m_d="1.000000" m_tx="0.000000" m_ty="-78.817635"/>
  </frame>
  <frame idx="1125" w="140" h="229" x="1.257729" y="-79.188400">
   <element name="infinity_catalyst" layername="infinity_catalyst" frame="0" z_index="1" m_a="1.000000" m_b="0.000000" m_c="0.000000" m_d="1.000000" m_tx="0.000000" m_ty="-79.018036"/>
  </frame>
  <frame idx="1150" w="140" h="229" x="1.257729" y="-79.388809">
   <element name="infinity_catalyst" layername="infinity_catalyst" frame="0" z_index="1" m_a="1.000000" m_b="0.000000" m_c="0.000000" m_d="1.000000" m_tx="0.000000" m_ty="-79.218437"/>
  </frame>
  <frame idx="1175" w="140" h="229" x="1.257729" y="-79.589203">
   <element name="infinity_catalyst" layername="infinity_catalyst" frame="0" z_index="1" m_a="1.000000" m_b="0.000000" m_c="0.000000" m_d="1.000000" m_tx="0.000000" m_ty="-79.418839"/>
  </frame>
  <frame idx="1200" w="140" h="229" x="1.257729" y="-79.789597">
   <element name="infinity_catalyst" layername="infinity_catalyst" frame="0" z_index="1" m_a="1.000000" m_b="0.000000" m_c="0.000000" m_d="1.000000" m_tx="0.000000" m_ty="-79.619240"/>
  </frame>
  <frame idx="1225" w="140" h="229" x="1.257729" y="-79.990005">
   <element name="infinity_catalyst" layername="infinity_catalyst" frame="0" z_index="1" m_a="1.000000" m_b="0.000000" m_c="0.000000" m_d="1.000000" m_tx="0.000000" m_ty="-79.819641"/>
  </frame>
  <frame idx="1250" w="140" h="230" x="1.257729" y="-80.190414">
   <element name="infinity_catalyst" layername="infinity_catalyst" frame="0" z_index="1" m_a="1.000000" m_b="0.000000" m_c="0.000000" m_d="1.000000" m_tx="0.000000" m_ty="-80.020042"/>
  </frame>
  <frame idx="1275" w="140" h="230" x="1.257729" y="-80.390808">
   <element name="infinity_catalyst" layername="infinity_catalyst" frame="0" z_index="1" m_a="1.000000" m_b="0.000000" m_c="0.000000" m_d="1.000000" m_tx="0.000000" m_ty="-80.220444"/>
  </frame>
  <frame idx="1300" w="140" h="230" x="1.257729" y="-80.591202">
   <element name="infinity_catalyst" layername="infinity_catalyst" frame="0" z_index="1" m_a="1.000000" m_b="0.000000" m_c="0.000000" m_d="1.000000" m_tx="0.000000" m_ty="-80.420845"/>
  </frame>
  <frame idx="1325" w="140" h="230" x="1.257729" y="-80.791611">
   <element name="infinity_catalyst" layername="infinity_catalyst" frame="0" z_index="1" m_a="1.000000" m_b="0.000000" m_c="0.000000" m_d="1.000000" m_tx="0.000000" m_ty="-80.621246"/>
  </frame>
  <frame idx="1350" w="140" h="230" x="1.257729" y="-80.992004">
   <element name="infinity_catalyst" layername="infinity_catalyst" frame="0" z_index="1" m_a="1.000000" m_b="0.000000" m_c="0.000000" m_d="1.000000" m_tx="0.000000" m_ty="-80.821640"/>
  </frame>
  <frame idx="1375" w="140" h="231" x="1.257729" y="-81.192398">
   <element name="infinity_catalyst" layername="infinity_catalyst" frame="0" z_index="1" m_a="1.000000" m_b="0.000000" m_c="0.000000" m_d="1.000000" m_tx="0.000000" m_ty="-81.022041"/>
  </frame>
  <frame idx="1400" w="140" h="231" x="1.257729" y="-81.392807">
   <element name="infinity_catalyst" layername="infinity_catalyst" frame="0" z_index="1" m_a="1.000000" m_b="0.000000" m_c="0.000000" m_d="1.000000" m_tx="0.000000" m_ty="-81.222443"/>
  </frame>
  <frame idx="1425" w="140" h="231" x="1.257729" y="-81.593216">
   <element name="infinity_catalyst" layername="infinity_catalyst" frame="0" z_index="1" m_a="1.000000" m_b="0.000000" m_c="0.000000" m_d="1.000000" m_tx="0.000000" m_ty="-81.422844"/>
  </frame>
  <frame idx="1450" w="140" h="231" x="1.257729" y="-81.793610">
   <element name="infinity_catalyst" layername="infinity_catalyst" frame="0" z_index="1" m_a="1.000000" m_b="0.000000" m_c="0.000000" m_d="1.000000" m_tx="0.000000" m_ty="-81.623245"/>
  </frame>
  <frame idx="1475" w="140" h="231" x="1.257729" y="-81.994003">
   <element name="infinity_catalyst" layername="infinity_catalyst" frame="0" z_index="1" m_a="1.000000" m_b="0.000000" m_c="0.000000" m_d="1.000000" m_tx="0.000000" m_ty="-81.823647"/>
  </frame>
  <frame idx="1500" w="140" h="233" x="1.257729" y="-82.146408">
   <element name="infinity_catalyst" layername="infinity_catalyst" frame="0" z_index="1" m_a="1.000000" m_b="0.000000" m_c="0.000000" m_d="1.000000" m_tx="0.000000" m_ty="-81.976051"/>
  </frame>
  <frame idx="1525" w="140" h="231" x="1.257729" y="-81.946808">
   <element name="infinity_catalyst" layername="infinity_catalyst" frame="0" z_index="1" m_a="1.000000" m_b="0.000000" m_c="0.000000" m_d="1.000000" m_tx="0.000000" m_ty="-81.776443"/>
  </frame>
  <frame idx="1550" w="140" h="231" x="1.257729" y="-81.747208">
   <element name="infinity_catalyst" layername="infinity_catalyst" frame="0" z_index="1" m_a="1.000000" m_b="0.000000" m_c="0.000000" m_d="1.000000" m_tx="0.000000" m_ty="-81.576843"/>
  </frame>
  <frame idx="1575" w="140" h="231" x="1.257729" y="-81.547607">
   <element name="infinity_catalyst" layername="infinity_catalyst" frame="0" z_index="1" m_a="1.000000" m_b="0.000000" m_c="0.000000" m_d="1.000000" m_tx="0.000000" m_ty="-81.377243"/>
  </frame>
  <frame idx="1600" w="140" h="231" x="1.257729" y="-81.348007">
   <element name="infinity_catalyst" layername="infinity_catalyst" frame="0" z_index="1" m_a="1.000000" m_b="0.000000" m_c="0.000000" m_d="1.000000" m_tx="0.000000" m_ty="-81.177643"/>
  </frame>
  <frame idx="1625" w="140" h="231" x="1.257729" y="-81.148407">
   <element name="infinity_catalyst" layername="infinity_catalyst" frame="0" z_index="1" m_a="1.000000" m_b="0.000000" m_c="0.000000" m_d="1.000000" m_tx="0.000000" m_ty="-80.978043"/>
  </frame>
  <frame idx="1650" w="140" h="230" x="1.257729" y="-80.948807">
   <element name="infinity_catalyst" layername="infinity_catalyst" frame="0" z_index="1" m_a="1.000000" m_b="0.000000" m_c="0.000000" m_d="1.000000" m_tx="0.000000" m_ty="-80.778442"/>
  </frame>
  <frame idx="1675" w="140" h="230" x="1.257729" y="-80.749207">
   <element name="infinity_catalyst" layername="infinity_catalyst" frame="0" z_index="1" m_a="1.000000" m_b="0.000000" m_c="0.000000" m_d="1.000000" m_tx="0.000000" m_ty="-80.578842"/>
  </frame>
  <frame idx="1700" w="140" h="230" x="1.257729" y="-80.549606">
   <element name="infinity_catalyst" layername="infinity_catalyst" frame="0" z_index="1" m_a="1.000000" m_b="0.000000" m_c="0.000000" m_d="1.000000" m_tx="0.000000" m_ty="-80.379242"/>
  </frame>
  <frame idx="1725" w="140" h="230" x="1.257729" y="-80.350006">
   <element name="infinity_catalyst" layername="infinity_catalyst" frame="0" z_index="1" m_a="1.000000" m_b="0.000000" m_c="0.000000" m_d="1.000000" m_tx="0.000000" m_ty="-80.179642"/>
  </frame>
  <frame idx="1750" w="140" h="230" x="1.257729" y="-80.150406">
   <element name="infinity_catalyst" layername="infinity_catalyst" frame="0" z_index="1" m_a="1.000000" m_b="0.000000" m_c="0.000000" m_d="1.000000" m_tx="0.000000" m_ty="-79.980042"/>
  </frame>
  <frame idx="1775" w="140" h="229" x="1.257729" y="-79.950806">
   <element name="infinity_catalyst" layername="infinity_catalyst" frame="0" z_index="1" m_a="1.000000" m_b="0.000000" m_c="0.000000" m_d="1.000000" m_tx="0.000000" m_ty="-79.780441"/>
  </frame>
  <frame idx="1800" w="140" h="229" x="1.257729" y="-79.751205">
   <element name="infinity_catalyst" layername="infinity_catalyst" frame="0" z_index="1" m_a="1.000000" m_b="0.000000" m_c="0.000000" m_d="1.000000" m_tx="0.000000" m_ty="-79.580841"/>
  </frame>
  <frame idx="1825" w="140" h="229" x="1.257729" y="-79.551605">
   <element name="infinity_catalyst" layername="infinity_catalyst" frame="0" z_index="1" m_a="1.000000" m_b="0.000000" m_c="0.000000" m_d="1.000000" m_tx="0.000000" m_ty="-79.381241"/>
  </frame>
  <frame idx="1850" w="140" h="229" x="1.257729" y="-79.352005">
   <element name="infinity_catalyst" layername="infinity_catalyst" frame="0" z_index="1" m_a="1.000000" m_b="0.000000" m_c="0.000000" m_d="1.000000" m_tx="0.000000" m_ty="-79.181641"/>
  </frame>
  <frame idx="1875" w="140" h="229" x="1.257729" y="-79.152390">
   <element name="infinity_catalyst" layername="infinity_catalyst" frame="0" z_index="1" m_a="1.000000" m_b="0.000000" m_c="0.000000" m_d="1.000000" m_tx="0.000000" m_ty="-78.982033"/>
  </frame>
  <frame idx="1900" w="140" h="228" x="1.257729" y="-78.952805">
   <element name="infinity_catalyst" layername="infinity_catalyst" frame="0" z_index="1" m_a="1.000000" m_b="0.000000" m_c="0.000000" m_d="1.000000" m_tx="0.000000" m_ty="-78.782433"/>
  </frame>
  <frame idx="1925" w="140" h="228" x="1.257729" y="-78.753189">
   <element name="infinity_catalyst" layername="infinity_catalyst" frame="0" z_index="1" m_a="1.000000" m_b="0.000000" m_c="0.000000" m_d="1.000000" m_tx="0.000000" m_ty="-78.582832"/>
  </frame>
  <frame idx="1950" w="140" h="228" x="1.257729" y="-78.553604">
   <element name="infinity_catalyst" layername="infinity_catalyst" frame="0" z_index="1" m_a="1.000000" m_b="0.000000" m_c="0.000000" m_d="1.000000" m_tx="0.000000" m_ty="-78.383232"/>
  </frame>
  <frame idx="1975" w="140" h="228" x="1.257729" y="-78.353989">
   <element name="infinity_catalyst" layername="infinity_catalyst" frame="0" z_index="1" m_a="1.000000" m_b="0.000000" m_c="0.000000" m_d="1.000000" m_tx="0.000000" m_ty="-78.183632"/>
  </frame>
  <frame idx="2000" w="140" h="228" x="1.257729" y="-78.154404">
   <element name="infinity_catalyst" layername="infinity_catalyst" frame="0" z_index="1" m_a="1.000000" m_b="0.000000" m_c="0.000000" m_d="1.000000" m_tx="0.000000" m_ty="-77.984032"/>
  </frame>
  <frame idx="2025" w="140" h="227" x="1.257729" y="-77.954788">
   <element name="infinity_catalyst" layername="infinity_catalyst" frame="0" z_index="1" m_a="1.000000" m_b="0.000000" m_c="0.000000" m_d="1.000000" m_tx="0.000000" m_ty="-77.784431"/>
  </frame>
  <frame idx="2050" w="140" h="227" x="1.257729" y="-77.755203">
   <element name="infinity_catalyst" layername="infinity_catalyst" frame="0" z_index="1" m_a="1.000000" m_b="0.000000" m_c="0.000000" m_d="1.000000" m_tx="0.000000" m_ty="-77.584831"/>
  </frame>
  <frame idx="2075" w="140" h="227" x="1.257729" y="-77.555588">
   <element name="infinity_catalyst" layername="infinity_catalyst" frame="0" z_index="1" m_a="1.000000" m_b="0.000000" m_c="0.000000" m_d="1.000000" m_tx="0.000000" m_ty="-77.385231"/>
  </frame>
  <frame idx="2100" w="140" h="227" x="1.257729" y="-77.356003">
   <element name="infinity_catalyst" layername="infinity_catalyst" frame="0" z_index="1" m_a="1.000000" m_b="0.000000" m_c="0.000000" m_d="1.000000" m_tx="0.000000" m_ty="-77.185631"/>
  </frame>
  <frame idx="2125" w="140" h="227" x="1.257729" y="-77.156387">
   <element name="infinity_catalyst" layername="infinity_catalyst" frame="0" z_index="1" m_a="1.000000" m_b="0.000000" m_c="0.000000" m_d="1.000000" m_tx="0.000000" m_ty="-76.986031"/>
  </frame>
  <frame idx="2150" w="140" h="226" x="1.257729" y="-76.956802">
   <element name="infinity_catalyst" layername="infinity_catalyst" frame="0" z_index="1" m_a="1.000000" m_b="0.000000" m_c="0.000000" m_d="1.000000" m_tx="0.000000" m_ty="-76.786430"/>
  </frame>
  <frame idx="2175" w="140" h="226" x="1.257729" y="-76.757187">
   <element name="infinity_catalyst" layername="infinity_catalyst" frame="0" z_index="1" m_a="1.000000" m_b="0.000000" m_c="0.000000" m_d="1.000000" m_tx="0.000000" m_ty="-76.586823"/>
  </frame>
  <frame idx="2200" w="140" h="226" x="1.257729" y="-76.557587">
   <element name="infinity_catalyst" layername="infinity_catalyst" frame="0" z_index="1" m_a="1.000000" m_b="0.000000" m_c="0.000000" m_d="1.000000" m_tx="0.000000" m_ty="-76.387222"/>
  </frame>
  <frame idx="2225" w="140" h="226" x="1.257729" y="-76.357986">
   <element name="infinity_catalyst" layername="infinity_catalyst" frame="0" z_index="1" m_a="1.000000" m_b="0.000000" m_c="0.000000" m_d="1.000000" m_tx="0.000000" m_ty="-76.187622"/>
  </frame>
  <frame idx="2250" w="140" h="226" x="1.257729" y="-76.158386">
   <element name="infinity_catalyst" layername="infinity_catalyst" frame="0" z_index="1" m_a="1.000000" m_b="0.000000" m_c="0.000000" m_d="1.000000" m_tx="0.000000" m_ty="-75.988022"/>
  </frame>
  <frame idx="2275" w="140" h="225" x="1.257729" y="-75.958786">
   <element name="infinity_catalyst" layername="infinity_catalyst" frame="0" z_index="1" m_a="1.000000" m_b="0.000000" m_c="0.000000" m_d="1.000000" m_tx="0.000000" m_ty="-75.788422"/>
  </frame>
  <frame idx="2300" w="140" h="225" x="1.257729" y="-75.759186">
   <element name="infinity_catalyst" layername="infinity_catalyst" frame="0" z_index="1" m_a="1.000000" m_b="0.000000" m_c="0.000000" m_d="1.000000" m_tx="0.000000" m_ty="-75.588821"/>
  </frame>
  <frame idx="2325" w="140" h="225" x="1.257729" y="-75.559586">
   <element name="infinity_catalyst" layername="infinity_catalyst" frame="0" z_index="1" m_a="1.000000" m_b="0.000000" m_c="0.000000" m_d="1.000000" m_tx="0.000000" m_ty="-75.389221"/>
  </frame>
  <frame idx="2350" w="140" h="225" x="1.257729" y="-75.359985">
   <element name="infinity_catalyst" layername="infinity_catalyst" frame="0" z_index="1" m_a="1.000000" m_b="0.000000" m_c="0.000000" m_d="1.000000" m_tx="0.000000" m_ty="-75.189621"/>
  </frame>
  <frame idx="2375" w="140" h="225" x="1.257729" y="-75.160385">
   <element name="infinity_catalyst" layername="infinity_catalyst" frame="0" z_index="1" m_a="1.000000" m_b="0.000000" m_c="0.000000" m_d="1.000000" m_tx="0.000000" m_ty="-74.990021"/>
  </frame>
  <frame idx="2400" w="140" h="224" x="1.257729" y="-74.960785">
   <element name="infinity_catalyst" layername="infinity_catalyst" frame="0" z_index="1" m_a="1.000000" m_b="0.000000" m_c="0.000000" m_d="1.000000" m_tx="0.000000" m_ty="-74.790421"/>
  </frame>
  <frame idx="2425" w="140" h="224" x="1.257729" y="-74.761185">
   <element name="infinity_catalyst" layername="infinity_catalyst" frame="0" z_index="1" m_a="1.000000" m_b="0.000000" m_c="0.000000" m_d="1.000000" m_tx="0.000000" m_ty="-74.590820"/>
  </frame>
  <frame idx="2450" w="140" h="224" x="1.257729" y="-74.561584">
   <element name="infinity_catalyst" layername="infinity_catalyst" frame="0" z_index="1" m_a="1.000000" m_b="0.000000" m_c="0.000000" m_d="1.000000" m_tx="0.000000" m_ty="-74.391220"/>
  </frame>
  <frame idx="2475" w="140" h="224" x="1.257729" y="-74.361984">
   <element name="infinity_catalyst" layername="infinity_catalyst" frame="0" z_index="1" m_a="1.000000" m_b="0.000000" m_c="0.000000" m_d="1.000000" m_tx="0.000000" m_ty="-74.191620"/>
  </frame>
  <frame idx="2500" w="140" h="224" x="1.257729" y="-74.162384">
   <element name="infinity_catalyst" layername="infinity_catalyst" frame="0" z_index="1" m_a="1.000000" m_b="0.000000" m_c="0.000000" m_d="1.000000" m_tx="0.000000" m_ty="-73.992020"/>
  </frame>
  <frame idx="2525" w="140" h="223" x="1.257729" y="-73.962784">
   <element name="infinity_catalyst" layername="infinity_catalyst" frame="0" z_index="1" m_a="1.000000" m_b="0.000000" m_c="0.000000" m_d="1.000000" m_tx="0.000000" m_ty="-73.792419"/>
  </frame>
  <frame idx="2550" w="140" h="223" x="1.257729" y="-73.763168">
   <element name="infinity_catalyst" layername="infinity_catalyst" frame="0" z_index="1" m_a="1.000000" m_b="0.000000" m_c="0.000000" m_d="1.000000" m_tx="0.000000" m_ty="-73.592812"/>
  </frame>
  <frame idx="2575" w="140" h="223" x="1.257729" y="-73.563583">
   <element name="infinity_catalyst" layername="infinity_catalyst" frame="0" z_index="1" m_a="1.000000" m_b="0.000000" m_c="0.000000" m_d="1.000000" m_tx="0.000000" m_ty="-73.393211"/>
  </frame>
  <frame idx="2600" w="140" h="223" x="1.257729" y="-73.363968">
   <element name="infinity_catalyst" layername="infinity_catalyst" frame="0" z_index="1" m_a="1.000000" m_b="0.000000" m_c="0.000000" m_d="1.000000" m_tx="0.000000" m_ty="-73.193611"/>
  </frame>
  <frame idx="2625" w="140" h="223" x="1.257729" y="-73.164383">
   <element name="infinity_catalyst" layername="infinity_catalyst" frame="0" z_index="1" m_a="1.000000" m_b="0.000000" m_c="0.000000" m_d="1.000000" m_tx="0.000000" m_ty="-72.994011"/>
  </frame>
  <frame idx="2650" w="140" h="222" x="1.257729" y="-72.964767">
   <element name="infinity_catalyst" layername="infinity_catalyst" frame="0" z_index="1" m_a="1.000000" m_b="0.000000" m_c="0.000000" m_d="1.000000" m_tx="0.000000" m_ty="-72.794411"/>
  </frame>
  <frame idx="2675" w="140" h="222" x="1.257729" y="-72.765182">
   <element name="infinity_catalyst" layername="infinity_catalyst" frame="0" z_index="1" m_a="1.000000" m_b="0.000000" m_c="0.000000" m_d="1.000000" m_tx="0.000000" m_ty="-72.594810"/>
  </frame>
  <frame idx="2700" w="140" h="222" x="1.257729" y="-72.565567">
   <element name="infinity_catalyst" layername="infinity_catalyst" frame="0" z_index="1" m_a="1.000000" m_b="0.000000" m_c="0.000000" m_d="1.000000" m_tx="0.000000" m_ty="-72.395210"/>
  </frame>
  <frame idx="2725" w="140" h="222" x="1.257729" y="-72.365982">
   <element name="infinity_catalyst" layername="infinity_catalyst" frame="0" z_index="1" m_a="1.000000" m_b="0.000000" m_c="0.000000" m_d="1.000000" m_tx="0.000000" m_ty="-72.195610"/>
  </frame>
  <frame idx="2750" w="140" h="222" x="1.257729" y="-72.166367">
   <element name="infinity_catalyst" layername="infinity_catalyst" frame="0" z_index="1" m_a="1.000000" m_b="0.000000" m_c="0.000000" m_d="1.000000" m_tx="0.000000" m_ty="-71.996010"/>
  </frame>
  <frame idx="2775" w="140" h="220" x="1.257729" y="-71.966782">
   <element name="infinity_catalyst" layername="infinity_catalyst" frame="0" z_index="1" m_a="1.000000" m_b="0.000000" m_c="0.000000" m_d="1.000000" m_tx="0.000000" m_ty="-71.796410"/>
  </frame>
  <frame idx="2800" w="140" h="220" x="1.257729" y="-71.767166">
   <element name="infinity_catalyst" layername="infinity_catalyst" frame="0" z_index="1" m_a="1.000000" m_b="0.000000" m_c="0.000000" m_d="1.000000" m_tx="0.000000" m_ty="-71.596809"/>
  </frame>
  <frame idx="2825" w="140" h="220" x="1.257729" y="-71.567566">
   <element name="infinity_catalyst" layername="infinity_catalyst" frame="0" z_index="1" m_a="1.000000" m_b="0.000000" m_c="0.000000" m_d="1.000000" m_tx="0.000000" m_ty="-71.397202"/>
  </frame>
  <frame idx="2850" w="140" h="220" x="1.257729" y="-71.367966">
   <element name="infinity_catalyst" layername="infinity_catalyst" frame="0" z_index="1" m_a="1.000000" m_b="0.000000" m_c="0.000000" m_d="1.000000" m_tx="0.000000" m_ty="-71.197601"/>
  </frame>
  <frame idx="2875" w="140" h="220" x="1.257729" y="-71.168365">
   <element name="infinity_catalyst" layername="infinity_catalyst" frame="0" z_index="1" m_a="1.000000" m_b="0.000000" m_c="0.000000" m_d="1.000000" m_tx="0.000000" m_ty="-70.998001"/>
  </frame>
  <frame idx="2900" w="140" h="219" x="1.257729" y="-70.968765">
   <element name="infinity_catalyst" layername="infinity_catalyst" frame="0" z_index="1" m_a="1.000000" m_b="0.000000" m_c="0.000000" m_d="1.000000" m_tx="0.000000" m_ty="-70.798401"/>
  </frame>
  <frame idx="2925" w="140" h="219" x="1.257729" y="-70.769165">
   <element name="infinity_catalyst" layername="infinity_catalyst" frame="0" z_index="1" m_a="1.000000" m_b="0.000000" m_c="0.000000" m_d="1.000000" m_tx="0.000000" m_ty="-70.598801"/>
  </frame>
  <frame idx="2950" w="140" h="219" x="1.257729" y="-70.569565">
   <element name="infinity_catalyst" layername="infinity_catalyst" frame="0" z_index="1" m_a="1.000000" m_b="0.000000" m_c="0.000000" m_d="1.000000" m_tx="0.000000" m_ty="-70.399200"/>
  </frame>
  <frame idx="2975" w="140" h="219" x="1.257729" y="-70.369965">
   <element name="infinity_catalyst" layername="infinity_catalyst" frame="0" z_index="1" m_a="1.000000" m_b="0.000000" m_c="0.000000" m_d="1.000000" m_tx="0.000000" m_ty="-70.199600"/>
  </frame>
 </anim>
</Anims>
