<Anims>
 <anim name="idle" root="cristalyium_juice" numframes="1000" framerate="40">
  <frame idx="0" w="132" h="205" x="0.000000" y="-45.500000">
   <element name="cristalyium_juices" layername="cristalyium_juices" frame="0" z_index="9" m_a="1.000000" m_b="0.000000" m_c="0.000000" m_d="1.000000" m_tx="0.000000" m_ty="0.000000"/>
  </frame>
  <frame idx="25" w="132" h="205" x="0.000000" y="-45.500000">
   <element name="cristalyium_juices" layername="cristalyium_juices" frame="0" z_index="9" m_a="1.000000" m_b="0.000000" m_c="0.000000" m_d="1.000000" m_tx="0.000000" m_ty="0.000000"/>
  </frame>
  <frame idx="50" w="132" h="205" x="0.000000" y="-45.500000">
   <element name="cristalyium_juices" layername="cristalyium_juices" frame="0" z_index="9" m_a="1.000000" m_b="0.000000" m_c="0.000000" m_d="1.000000" m_tx="0.000000" m_ty="0.000000"/>
  </frame>
  <frame idx="75" w="132" h="205" x="0.000000" y="-45.500000">
   <element name="cristalyium_juices" layername="cristalyium_juices" frame="0" z_index="9" m_a="1.000000" m_b="0.000000" m_c="0.000000" m_d="1.000000" m_tx="0.000000" m_ty="0.000000"/>
  </frame>
  <frame idx="100" w="132" h="205" x="0.000000" y="-45.500000">
   <element name="cristalyium_juices" layername="cristalyium_juices" frame="0" z_index="9" m_a="1.000000" m_b="0.000000" m_c="0.000000" m_d="1.000000" m_tx="0.000000" m_ty="0.000000"/>
  </frame>
  <frame idx="125" w="132" h="205" x="0.000000" y="-45.500000">
   <element name="cristalyium_juices" layername="cristalyium_juices" frame="0" z_index="9" m_a="1.000000" m_b="0.000000" m_c="0.000000" m_d="1.000000" m_tx="0.000000" m_ty="0.000000"/>
  </frame>
  <frame idx="150" w="132" h="205" x="0.000000" y="-45.500000">
   <element name="cristalyium_juices" layername="cristalyium_juices" frame="0" z_index="9" m_a="1.000000" m_b="0.000000" m_c="0.000000" m_d="1.000000" m_tx="0.000000" m_ty="0.000000"/>
  </frame>
  <frame idx="175" w="132" h="205" x="0.000000" y="-45.500000">
   <element name="cristalyium_juices" layername="cristalyium_juices" frame="0" z_index="9" m_a="1.000000" m_b="0.000000" m_c="0.000000" m_d="1.000000" m_tx="0.000000" m_ty="0.000000"/>
  </frame>
  <frame idx="200" w="132" h="205" x="0.000000" y="-45.500000">
   <element name="cristalyium_juices" layername="cristalyium_juices" frame="0" z_index="9" m_a="1.000000" m_b="0.000000" m_c="0.000000" m_d="1.000000" m_tx="0.000000" m_ty="0.000000"/>
  </frame>
  <frame idx="225" w="132" h="205" x="0.000000" y="-45.500000">
   <element name="cristalyium_juices" layername="cristalyium_juices" frame="0" z_index="9" m_a="1.000000" m_b="0.000000" m_c="0.000000" m_d="1.000000" m_tx="0.000000" m_ty="0.000000"/>
  </frame>
  <frame idx="250" w="132" h="205" x="0.000000" y="-45.500000">
   <element name="cristalyium_juices" layername="cristalyium_juices" frame="0" z_index="9" m_a="1.000000" m_b="0.000000" m_c="0.000000" m_d="1.000000" m_tx="0.000000" m_ty="0.000000"/>
  </frame>
  <frame idx="275" w="132" h="205" x="0.000000" y="-45.500000">
   <element name="cristalyium_juices" layername="cristalyium_juices" frame="0" z_index="9" m_a="1.000000" m_b="0.000000" m_c="0.000000" m_d="1.000000" m_tx="0.000000" m_ty="0.000000"/>
  </frame>
  <frame idx="300" w="132" h="205" x="0.000000" y="-45.500000">
   <element name="cristalyium_juices" layername="cristalyium_juices" frame="0" z_index="9" m_a="1.000000" m_b="0.000000" m_c="0.000000" m_d="1.000000" m_tx="0.000000" m_ty="0.000000"/>
  </frame>
  <frame idx="325" w="132" h="205" x="0.000000" y="-45.500000">
   <element name="cristalyium_juices" layername="cristalyium_juices" frame="0" z_index="9" m_a="1.000000" m_b="0.000000" m_c="0.000000" m_d="1.000000" m_tx="0.000000" m_ty="0.000000"/>
  </frame>
  <frame idx="350" w="132" h="205" x="0.000000" y="-45.500000">
   <element name="cristalyium_juices" layername="cristalyium_juices" frame="0" z_index="9" m_a="1.000000" m_b="0.000000" m_c="0.000000" m_d="1.000000" m_tx="0.000000" m_ty="0.000000"/>
  </frame>
  <frame idx="375" w="132" h="205" x="0.000000" y="-45.500000">
   <element name="cristalyium_juices" layername="cristalyium_juices" frame="0" z_index="9" m_a="1.000000" m_b="0.000000" m_c="0.000000" m_d="1.000000" m_tx="0.000000" m_ty="0.000000"/>
  </frame>
  <frame idx="400" w="132" h="205" x="0.000000" y="-45.500000">
   <element name="cristalyium_juices" layername="cristalyium_juices" frame="0" z_index="9" m_a="1.000000" m_b="0.000000" m_c="0.000000" m_d="1.000000" m_tx="0.000000" m_ty="0.000000"/>
  </frame>
  <frame idx="425" w="132" h="205" x="0.000000" y="-45.500000">
   <element name="cristalyium_juices" layername="cristalyium_juices" frame="0" z_index="9" m_a="1.000000" m_b="0.000000" m_c="0.000000" m_d="1.000000" m_tx="0.000000" m_ty="0.000000"/>
  </frame>
  <frame idx="450" w="132" h="205" x="0.000000" y="-45.500000">
   <element name="cristalyium_juices" layername="cristalyium_juices" frame="0" z_index="9" m_a="1.000000" m_b="0.000000" m_c="0.000000" m_d="1.000000" m_tx="0.000000" m_ty="0.000000"/>
  </frame>
  <frame idx="475" w="132" h="205" x="0.000000" y="-45.500000">
   <element name="cristalyium_juices" layername="cristalyium_juices" frame="0" z_index="9" m_a="1.000000" m_b="0.000000" m_c="0.000000" m_d="1.000000" m_tx="0.000000" m_ty="0.000000"/>
  </frame>
  <frame idx="500" w="132" h="205" x="0.000000" y="-45.500000">
   <element name="cristalyium_juices" layername="cristalyium_juices" frame="0" z_index="9" m_a="1.000000" m_b="0.000000" m_c="0.000000" m_d="1.000000" m_tx="0.000000" m_ty="0.000000"/>
  </frame>
  <frame idx="525" w="132" h="205" x="0.000000" y="-45.500000">
   <element name="cristalyium_juices" layername="cristalyium_juices" frame="0" z_index="9" m_a="1.000000" m_b="0.000000" m_c="0.000000" m_d="1.000000" m_tx="0.000000" m_ty="0.000000"/>
  </frame>
  <frame idx="550" w="132" h="205" x="0.000000" y="-45.500000">
   <element name="cristalyium_juices" layername="cristalyium_juices" frame="0" z_index="9" m_a="1.000000" m_b="0.000000" m_c="0.000000" m_d="1.000000" m_tx="0.000000" m_ty="0.000000"/>
  </frame>
  <frame idx="575" w="132" h="205" x="0.000000" y="-45.500000">
   <element name="cristalyium_juices" layername="cristalyium_juices" frame="0" z_index="9" m_a="1.000000" m_b="0.000000" m_c="0.000000" m_d="1.000000" m_tx="0.000000" m_ty="0.000000"/>
  </frame>
  <frame idx="600" w="132" h="205" x="0.000000" y="-45.500000">
   <element name="cristalyium_juices" layername="cristalyium_juices" frame="0" z_index="9" m_a="1.000000" m_b="0.000000" m_c="0.000000" m_d="1.000000" m_tx="0.000000" m_ty="0.000000"/>
  </frame>
  <frame idx="625" w="132" h="205" x="0.000000" y="-45.500000">
   <element name="cristalyium_juices" layername="cristalyium_juices" frame="0" z_index="9" m_a="1.000000" m_b="0.000000" m_c="0.000000" m_d="1.000000" m_tx="0.000000" m_ty="0.000000"/>
  </frame>
  <frame idx="650" w="132" h="205" x="0.000000" y="-45.500000">
   <element name="cristalyium_juices" layername="cristalyium_juices" frame="0" z_index="9" m_a="1.000000" m_b="0.000000" m_c="0.000000" m_d="1.000000" m_tx="0.000000" m_ty="0.000000"/>
  </frame>
  <frame idx="675" w="132" h="205" x="0.000000" y="-45.500000">
   <element name="cristalyium_juices" layername="cristalyium_juices" frame="0" z_index="9" m_a="1.000000" m_b="0.000000" m_c="0.000000" m_d="1.000000" m_tx="0.000000" m_ty="0.000000"/>
  </frame>
  <frame idx="700" w="132" h="205" x="0.000000" y="-45.500000">
   <element name="cristalyium_juices" layername="cristalyium_juices" frame="0" z_index="9" m_a="1.000000" m_b="0.000000" m_c="0.000000" m_d="1.000000" m_tx="0.000000" m_ty="0.000000"/>
  </frame>
  <frame idx="725" w="132" h="205" x="0.000000" y="-45.500000">
   <element name="cristalyium_juices" layername="cristalyium_juices" frame="0" z_index="9" m_a="1.000000" m_b="0.000000" m_c="0.000000" m_d="1.000000" m_tx="0.000000" m_ty="0.000000"/>
  </frame>
  <frame idx="750" w="132" h="205" x="0.000000" y="-45.500000">
   <element name="cristalyium_juices" layername="cristalyium_juices" frame="0" z_index="9" m_a="1.000000" m_b="0.000000" m_c="0.000000" m_d="1.000000" m_tx="0.000000" m_ty="0.000000"/>
  </frame>
  <frame idx="775" w="132" h="205" x="0.000000" y="-45.500000">
   <element name="cristalyium_juices" layername="cristalyium_juices" frame="0" z_index="9" m_a="1.000000" m_b="0.000000" m_c="0.000000" m_d="1.000000" m_tx="0.000000" m_ty="0.000000"/>
  </frame>
  <frame idx="800" w="132" h="205" x="0.000000" y="-45.500000">
   <element name="cristalyium_juices" layername="cristalyium_juices" frame="0" z_index="9" m_a="1.000000" m_b="0.000000" m_c="0.000000" m_d="1.000000" m_tx="0.000000" m_ty="0.000000"/>
  </frame>
  <frame idx="825" w="132" h="205" x="0.000000" y="-45.500000">
   <element name="cristalyium_juices" layername="cristalyium_juices" frame="0" z_index="9" m_a="1.000000" m_b="0.000000" m_c="0.000000" m_d="1.000000" m_tx="0.000000" m_ty="0.000000"/>
  </frame>
  <frame idx="850" w="132" h="205" x="0.000000" y="-45.500000">
   <element name="cristalyium_juices" layername="cristalyium_juices" frame="0" z_index="9" m_a="1.000000" m_b="0.000000" m_c="0.000000" m_d="1.000000" m_tx="0.000000" m_ty="0.000000"/>
  </frame>
  <frame idx="875" w="132" h="205" x="0.000000" y="-45.500000">
   <element name="cristalyium_juices" layername="cristalyium_juices" frame="0" z_index="9" m_a="1.000000" m_b="0.000000" m_c="0.000000" m_d="1.000000" m_tx="0.000000" m_ty="0.000000"/>
  </frame>
  <frame idx="900" w="132" h="205" x="0.000000" y="-45.500000">
   <element name="cristalyium_juices" layername="cristalyium_juices" frame="0" z_index="9" m_a="1.000000" m_b="0.000000" m_c="0.000000" m_d="1.000000" m_tx="0.000000" m_ty="0.000000"/>
  </frame>
  <frame idx="925" w="132" h="205" x="0.000000" y="-45.500000">
   <element name="cristalyium_juices" layername="cristalyium_juices" frame="0" z_index="9" m_a="1.000000" m_b="0.000000" m_c="0.000000" m_d="1.000000" m_tx="0.000000" m_ty="0.000000"/>
  </frame>
  <frame idx="950" w="132" h="205" x="0.000000" y="-45.500000">
   <element name="cristalyium_juices" layername="cristalyium_juices" frame="0" z_index="9" m_a="1.000000" m_b="0.000000" m_c="0.000000" m_d="1.000000" m_tx="0.000000" m_ty="0.000000"/>
  </frame>
  <frame idx="975" w="132" h="205" x="0.000000" y="-45.500000">
   <element name="cristalyium_juices" layername="cristalyium_juices" frame="0" z_index="9" m_a="1.000000" m_b="0.000000" m_c="0.000000" m_d="1.000000" m_tx="0.000000" m_ty="0.000000"/>
  </frame>
 </anim>
 <anim name="idle" root="ornalenium_juice" numframes="1000" framerate="40">
  <frame idx="0" w="132" h="205" x="0.000000" y="-45.500000">
   <element name="cristalyium_juices" layername="cristalyium_juices-2" frame="2" z_index="9" m_a="1.000000" m_b="0.000000" m_c="0.000000" m_d="1.000000" m_tx="0.000000" m_ty="0.000000"/>
  </frame>
  <frame idx="25" w="132" h="205" x="0.000000" y="-45.500000">
   <element name="cristalyium_juices" layername="cristalyium_juices-2" frame="2" z_index="9" m_a="1.000000" m_b="0.000000" m_c="0.000000" m_d="1.000000" m_tx="0.000000" m_ty="0.000000"/>
  </frame>
  <frame idx="50" w="132" h="205" x="0.000000" y="-45.500000">
   <element name="cristalyium_juices" layername="cristalyium_juices-2" frame="2" z_index="9" m_a="1.000000" m_b="0.000000" m_c="0.000000" m_d="1.000000" m_tx="0.000000" m_ty="0.000000"/>
  </frame>
  <frame idx="75" w="132" h="205" x="0.000000" y="-45.500000">
   <element name="cristalyium_juices" layername="cristalyium_juices-2" frame="2" z_index="9" m_a="1.000000" m_b="0.000000" m_c="0.000000" m_d="1.000000" m_tx="0.000000" m_ty="0.000000"/>
  </frame>
  <frame idx="100" w="132" h="205" x="0.000000" y="-45.500000">
   <element name="cristalyium_juices" layername="cristalyium_juices-2" frame="2" z_index="9" m_a="1.000000" m_b="0.000000" m_c="0.000000" m_d="1.000000" m_tx="0.000000" m_ty="0.000000"/>
  </frame>
  <frame idx="125" w="132" h="205" x="0.000000" y="-45.500000">
   <element name="cristalyium_juices" layername="cristalyium_juices-2" frame="2" z_index="9" m_a="1.000000" m_b="0.000000" m_c="0.000000" m_d="1.000000" m_tx="0.000000" m_ty="0.000000"/>
  </frame>
  <frame idx="150" w="132" h="205" x="0.000000" y="-45.500000">
   <element name="cristalyium_juices" layername="cristalyium_juices-2" frame="2" z_index="9" m_a="1.000000" m_b="0.000000" m_c="0.000000" m_d="1.000000" m_tx="0.000000" m_ty="0.000000"/>
  </frame>
  <frame idx="175" w="132" h="205" x="0.000000" y="-45.500000">
   <element name="cristalyium_juices" layername="cristalyium_juices-2" frame="2" z_index="9" m_a="1.000000" m_b="0.000000" m_c="0.000000" m_d="1.000000" m_tx="0.000000" m_ty="0.000000"/>
  </frame>
  <frame idx="200" w="132" h="205" x="0.000000" y="-45.500000">
   <element name="cristalyium_juices" layername="cristalyium_juices-2" frame="2" z_index="9" m_a="1.000000" m_b="0.000000" m_c="0.000000" m_d="1.000000" m_tx="0.000000" m_ty="0.000000"/>
  </frame>
  <frame idx="225" w="132" h="205" x="0.000000" y="-45.500000">
   <element name="cristalyium_juices" layername="cristalyium_juices-2" frame="2" z_index="9" m_a="1.000000" m_b="0.000000" m_c="0.000000" m_d="1.000000" m_tx="0.000000" m_ty="0.000000"/>
  </frame>
  <frame idx="250" w="132" h="205" x="0.000000" y="-45.500000">
   <element name="cristalyium_juices" layername="cristalyium_juices-2" frame="2" z_index="9" m_a="1.000000" m_b="0.000000" m_c="0.000000" m_d="1.000000" m_tx="0.000000" m_ty="0.000000"/>
  </frame>
  <frame idx="275" w="132" h="205" x="0.000000" y="-45.500000">
   <element name="cristalyium_juices" layername="cristalyium_juices-2" frame="2" z_index="9" m_a="1.000000" m_b="0.000000" m_c="0.000000" m_d="1.000000" m_tx="0.000000" m_ty="0.000000"/>
  </frame>
  <frame idx="300" w="132" h="205" x="0.000000" y="-45.500000">
   <element name="cristalyium_juices" layername="cristalyium_juices-2" frame="2" z_index="9" m_a="1.000000" m_b="0.000000" m_c="0.000000" m_d="1.000000" m_tx="0.000000" m_ty="0.000000"/>
  </frame>
  <frame idx="325" w="132" h="205" x="0.000000" y="-45.500000">
   <element name="cristalyium_juices" layername="cristalyium_juices-2" frame="2" z_index="9" m_a="1.000000" m_b="0.000000" m_c="0.000000" m_d="1.000000" m_tx="0.000000" m_ty="0.000000"/>
  </frame>
  <frame idx="350" w="132" h="205" x="0.000000" y="-45.500000">
   <element name="cristalyium_juices" layername="cristalyium_juices-2" frame="2" z_index="9" m_a="1.000000" m_b="0.000000" m_c="0.000000" m_d="1.000000" m_tx="0.000000" m_ty="0.000000"/>
  </frame>
  <frame idx="375" w="132" h="205" x="0.000000" y="-45.500000">
   <element name="cristalyium_juices" layername="cristalyium_juices-2" frame="2" z_index="9" m_a="1.000000" m_b="0.000000" m_c="0.000000" m_d="1.000000" m_tx="0.000000" m_ty="0.000000"/>
  </frame>
  <frame idx="400" w="132" h="205" x="0.000000" y="-45.500000">
   <element name="cristalyium_juices" layername="cristalyium_juices-2" frame="2" z_index="9" m_a="1.000000" m_b="0.000000" m_c="0.000000" m_d="1.000000" m_tx="0.000000" m_ty="0.000000"/>
  </frame>
  <frame idx="425" w="132" h="205" x="0.000000" y="-45.500000">
   <element name="cristalyium_juices" layername="cristalyium_juices-2" frame="2" z_index="9" m_a="1.000000" m_b="0.000000" m_c="0.000000" m_d="1.000000" m_tx="0.000000" m_ty="0.000000"/>
  </frame>
  <frame idx="450" w="132" h="205" x="0.000000" y="-45.500000">
   <element name="cristalyium_juices" layername="cristalyium_juices-2" frame="2" z_index="9" m_a="1.000000" m_b="0.000000" m_c="0.000000" m_d="1.000000" m_tx="0.000000" m_ty="0.000000"/>
  </frame>
  <frame idx="475" w="132" h="205" x="0.000000" y="-45.500000">
   <element name="cristalyium_juices" layername="cristalyium_juices-2" frame="2" z_index="9" m_a="1.000000" m_b="0.000000" m_c="0.000000" m_d="1.000000" m_tx="0.000000" m_ty="0.000000"/>
  </frame>
  <frame idx="500" w="132" h="205" x="0.000000" y="-45.500000">
   <element name="cristalyium_juices" layername="cristalyium_juices-2" frame="2" z_index="9" m_a="1.000000" m_b="0.000000" m_c="0.000000" m_d="1.000000" m_tx="0.000000" m_ty="0.000000"/>
  </frame>
  <frame idx="525" w="132" h="205" x="0.000000" y="-45.500000">
   <element name="cristalyium_juices" layername="cristalyium_juices-2" frame="2" z_index="9" m_a="1.000000" m_b="0.000000" m_c="0.000000" m_d="1.000000" m_tx="0.000000" m_ty="0.000000"/>
  </frame>
  <frame idx="550" w="132" h="205" x="0.000000" y="-45.500000">
   <element name="cristalyium_juices" layername="cristalyium_juices-2" frame="2" z_index="9" m_a="1.000000" m_b="0.000000" m_c="0.000000" m_d="1.000000" m_tx="0.000000" m_ty="0.000000"/>
  </frame>
  <frame idx="575" w="132" h="205" x="0.000000" y="-45.500000">
   <element name="cristalyium_juices" layername="cristalyium_juices-2" frame="2" z_index="9" m_a="1.000000" m_b="0.000000" m_c="0.000000" m_d="1.000000" m_tx="0.000000" m_ty="0.000000"/>
  </frame>
  <frame idx="600" w="132" h="205" x="0.000000" y="-45.500000">
   <element name="cristalyium_juices" layername="cristalyium_juices-2" frame="2" z_index="9" m_a="1.000000" m_b="0.000000" m_c="0.000000" m_d="1.000000" m_tx="0.000000" m_ty="0.000000"/>
  </frame>
  <frame idx="625" w="132" h="205" x="0.000000" y="-45.500000">
   <element name="cristalyium_juices" layername="cristalyium_juices-2" frame="2" z_index="9" m_a="1.000000" m_b="0.000000" m_c="0.000000" m_d="1.000000" m_tx="0.000000" m_ty="0.000000"/>
  </frame>
  <frame idx="650" w="132" h="205" x="0.000000" y="-45.500000">
   <element name="cristalyium_juices" layername="cristalyium_juices-2" frame="2" z_index="9" m_a="1.000000" m_b="0.000000" m_c="0.000000" m_d="1.000000" m_tx="0.000000" m_ty="0.000000"/>
  </frame>
  <frame idx="675" w="132" h="205" x="0.000000" y="-45.500000">
   <element name="cristalyium_juices" layername="cristalyium_juices-2" frame="2" z_index="9" m_a="1.000000" m_b="0.000000" m_c="0.000000" m_d="1.000000" m_tx="0.000000" m_ty="0.000000"/>
  </frame>
  <frame idx="700" w="132" h="205" x="0.000000" y="-45.500000">
   <element name="cristalyium_juices" layername="cristalyium_juices-2" frame="2" z_index="9" m_a="1.000000" m_b="0.000000" m_c="0.000000" m_d="1.000000" m_tx="0.000000" m_ty="0.000000"/>
  </frame>
  <frame idx="725" w="132" h="205" x="0.000000" y="-45.500000">
   <element name="cristalyium_juices" layername="cristalyium_juices-2" frame="2" z_index="9" m_a="1.000000" m_b="0.000000" m_c="0.000000" m_d="1.000000" m_tx="0.000000" m_ty="0.000000"/>
  </frame>
  <frame idx="750" w="132" h="205" x="0.000000" y="-45.500000">
   <element name="cristalyium_juices" layername="cristalyium_juices-2" frame="2" z_index="9" m_a="1.000000" m_b="0.000000" m_c="0.000000" m_d="1.000000" m_tx="0.000000" m_ty="0.000000"/>
  </frame>
  <frame idx="775" w="132" h="205" x="0.000000" y="-45.500000">
   <element name="cristalyium_juices" layername="cristalyium_juices-2" frame="2" z_index="9" m_a="1.000000" m_b="0.000000" m_c="0.000000" m_d="1.000000" m_tx="0.000000" m_ty="0.000000"/>
  </frame>
  <frame idx="800" w="132" h="205" x="0.000000" y="-45.500000">
   <element name="cristalyium_juices" layername="cristalyium_juices-2" frame="2" z_index="9" m_a="1.000000" m_b="0.000000" m_c="0.000000" m_d="1.000000" m_tx="0.000000" m_ty="0.000000"/>
  </frame>
  <frame idx="825" w="132" h="205" x="0.000000" y="-45.500000">
   <element name="cristalyium_juices" layername="cristalyium_juices-2" frame="2" z_index="9" m_a="1.000000" m_b="0.000000" m_c="0.000000" m_d="1.000000" m_tx="0.000000" m_ty="0.000000"/>
  </frame>
  <frame idx="850" w="132" h="205" x="0.000000" y="-45.500000">
   <element name="cristalyium_juices" layername="cristalyium_juices-2" frame="2" z_index="9" m_a="1.000000" m_b="0.000000" m_c="0.000000" m_d="1.000000" m_tx="0.000000" m_ty="0.000000"/>
  </frame>
  <frame idx="875" w="132" h="205" x="0.000000" y="-45.500000">
   <element name="cristalyium_juices" layername="cristalyium_juices-2" frame="2" z_index="9" m_a="1.000000" m_b="0.000000" m_c="0.000000" m_d="1.000000" m_tx="0.000000" m_ty="0.000000"/>
  </frame>
  <frame idx="900" w="132" h="205" x="0.000000" y="-45.500000">
   <element name="cristalyium_juices" layername="cristalyium_juices-2" frame="2" z_index="9" m_a="1.000000" m_b="0.000000" m_c="0.000000" m_d="1.000000" m_tx="0.000000" m_ty="0.000000"/>
  </frame>
  <frame idx="925" w="132" h="205" x="0.000000" y="-45.500000">
   <element name="cristalyium_juices" layername="cristalyium_juices-2" frame="2" z_index="9" m_a="1.000000" m_b="0.000000" m_c="0.000000" m_d="1.000000" m_tx="0.000000" m_ty="0.000000"/>
  </frame>
  <frame idx="950" w="132" h="205" x="0.000000" y="-45.500000">
   <element name="cristalyium_juices" layername="cristalyium_juices-2" frame="2" z_index="9" m_a="1.000000" m_b="0.000000" m_c="0.000000" m_d="1.000000" m_tx="0.000000" m_ty="0.000000"/>
  </frame>
  <frame idx="975" w="132" h="205" x="0.000000" y="-45.500000">
   <element name="cristalyium_juices" layername="cristalyium_juices-2" frame="2" z_index="9" m_a="1.000000" m_b="0.000000" m_c="0.000000" m_d="1.000000" m_tx="0.000000" m_ty="0.000000"/>
  </frame>
 </anim>
 <anim name="idle" root="redlium_juice" numframes="1000" framerate="40">
  <frame idx="0" w="132" h="205" x="0.000000" y="-45.500000">
   <element name="cristalyium_juices" layername="cristalyium_juices" frame="1" z_index="9" m_a="1.000000" m_b="0.000000" m_c="0.000000" m_d="1.000000" m_tx="0.000000" m_ty="0.000000"/>
  </frame>
  <frame idx="25" w="132" h="205" x="0.000000" y="-45.500000">
   <element name="cristalyium_juices" layername="cristalyium_juices" frame="1" z_index="9" m_a="1.000000" m_b="0.000000" m_c="0.000000" m_d="1.000000" m_tx="0.000000" m_ty="0.000000"/>
  </frame>
  <frame idx="50" w="132" h="205" x="0.000000" y="-45.500000">
   <element name="cristalyium_juices" layername="cristalyium_juices" frame="1" z_index="9" m_a="1.000000" m_b="0.000000" m_c="0.000000" m_d="1.000000" m_tx="0.000000" m_ty="0.000000"/>
  </frame>
  <frame idx="75" w="132" h="205" x="0.000000" y="-45.500000">
   <element name="cristalyium_juices" layername="cristalyium_juices" frame="1" z_index="9" m_a="1.000000" m_b="0.000000" m_c="0.000000" m_d="1.000000" m_tx="0.000000" m_ty="0.000000"/>
  </frame>
  <frame idx="100" w="132" h="205" x="0.000000" y="-45.500000">
   <element name="cristalyium_juices" layername="cristalyium_juices" frame="1" z_index="9" m_a="1.000000" m_b="0.000000" m_c="0.000000" m_d="1.000000" m_tx="0.000000" m_ty="0.000000"/>
  </frame>
  <frame idx="125" w="132" h="205" x="0.000000" y="-45.500000">
   <element name="cristalyium_juices" layername="cristalyium_juices" frame="1" z_index="9" m_a="1.000000" m_b="0.000000" m_c="0.000000" m_d="1.000000" m_tx="0.000000" m_ty="0.000000"/>
  </frame>
  <frame idx="150" w="132" h="205" x="0.000000" y="-45.500000">
   <element name="cristalyium_juices" layername="cristalyium_juices" frame="1" z_index="9" m_a="1.000000" m_b="0.000000" m_c="0.000000" m_d="1.000000" m_tx="0.000000" m_ty="0.000000"/>
  </frame>
  <frame idx="175" w="132" h="205" x="0.000000" y="-45.500000">
   <element name="cristalyium_juices" layername="cristalyium_juices" frame="1" z_index="9" m_a="1.000000" m_b="0.000000" m_c="0.000000" m_d="1.000000" m_tx="0.000000" m_ty="0.000000"/>
  </frame>
  <frame idx="200" w="132" h="205" x="0.000000" y="-45.500000">
   <element name="cristalyium_juices" layername="cristalyium_juices" frame="1" z_index="9" m_a="1.000000" m_b="0.000000" m_c="0.000000" m_d="1.000000" m_tx="0.000000" m_ty="0.000000"/>
  </frame>
  <frame idx="225" w="132" h="205" x="0.000000" y="-45.500000">
   <element name="cristalyium_juices" layername="cristalyium_juices" frame="1" z_index="9" m_a="1.000000" m_b="0.000000" m_c="0.000000" m_d="1.000000" m_tx="0.000000" m_ty="0.000000"/>
  </frame>
  <frame idx="250" w="132" h="205" x="0.000000" y="-45.500000">
   <element name="cristalyium_juices" layername="cristalyium_juices" frame="1" z_index="9" m_a="1.000000" m_b="0.000000" m_c="0.000000" m_d="1.000000" m_tx="0.000000" m_ty="0.000000"/>
  </frame>
  <frame idx="275" w="132" h="205" x="0.000000" y="-45.500000">
   <element name="cristalyium_juices" layername="cristalyium_juices" frame="1" z_index="9" m_a="1.000000" m_b="0.000000" m_c="0.000000" m_d="1.000000" m_tx="0.000000" m_ty="0.000000"/>
  </frame>
  <frame idx="300" w="132" h="205" x="0.000000" y="-45.500000">
   <element name="cristalyium_juices" layername="cristalyium_juices" frame="1" z_index="9" m_a="1.000000" m_b="0.000000" m_c="0.000000" m_d="1.000000" m_tx="0.000000" m_ty="0.000000"/>
  </frame>
  <frame idx="325" w="132" h="205" x="0.000000" y="-45.500000">
   <element name="cristalyium_juices" layername="cristalyium_juices" frame="1" z_index="9" m_a="1.000000" m_b="0.000000" m_c="0.000000" m_d="1.000000" m_tx="0.000000" m_ty="0.000000"/>
  </frame>
  <frame idx="350" w="132" h="205" x="0.000000" y="-45.500000">
   <element name="cristalyium_juices" layername="cristalyium_juices" frame="1" z_index="9" m_a="1.000000" m_b="0.000000" m_c="0.000000" m_d="1.000000" m_tx="0.000000" m_ty="0.000000"/>
  </frame>
  <frame idx="375" w="132" h="205" x="0.000000" y="-45.500000">
   <element name="cristalyium_juices" layername="cristalyium_juices" frame="1" z_index="9" m_a="1.000000" m_b="0.000000" m_c="0.000000" m_d="1.000000" m_tx="0.000000" m_ty="0.000000"/>
  </frame>
  <frame idx="400" w="132" h="205" x="0.000000" y="-45.500000">
   <element name="cristalyium_juices" layername="cristalyium_juices" frame="1" z_index="9" m_a="1.000000" m_b="0.000000" m_c="0.000000" m_d="1.000000" m_tx="0.000000" m_ty="0.000000"/>
  </frame>
  <frame idx="425" w="132" h="205" x="0.000000" y="-45.500000">
   <element name="cristalyium_juices" layername="cristalyium_juices" frame="1" z_index="9" m_a="1.000000" m_b="0.000000" m_c="0.000000" m_d="1.000000" m_tx="0.000000" m_ty="0.000000"/>
  </frame>
  <frame idx="450" w="132" h="205" x="0.000000" y="-45.500000">
   <element name="cristalyium_juices" layername="cristalyium_juices" frame="1" z_index="9" m_a="1.000000" m_b="0.000000" m_c="0.000000" m_d="1.000000" m_tx="0.000000" m_ty="0.000000"/>
  </frame>
  <frame idx="475" w="132" h="205" x="0.000000" y="-45.500000">
   <element name="cristalyium_juices" layername="cristalyium_juices" frame="1" z_index="9" m_a="1.000000" m_b="0.000000" m_c="0.000000" m_d="1.000000" m_tx="0.000000" m_ty="0.000000"/>
  </frame>
  <frame idx="500" w="132" h="205" x="0.000000" y="-45.500000">
   <element name="cristalyium_juices" layername="cristalyium_juices" frame="1" z_index="9" m_a="1.000000" m_b="0.000000" m_c="0.000000" m_d="1.000000" m_tx="0.000000" m_ty="0.000000"/>
  </frame>
  <frame idx="525" w="132" h="205" x="0.000000" y="-45.500000">
   <element name="cristalyium_juices" layername="cristalyium_juices" frame="1" z_index="9" m_a="1.000000" m_b="0.000000" m_c="0.000000" m_d="1.000000" m_tx="0.000000" m_ty="0.000000"/>
  </frame>
  <frame idx="550" w="132" h="205" x="0.000000" y="-45.500000">
   <element name="cristalyium_juices" layername="cristalyium_juices" frame="1" z_index="9" m_a="1.000000" m_b="0.000000" m_c="0.000000" m_d="1.000000" m_tx="0.000000" m_ty="0.000000"/>
  </frame>
  <frame idx="575" w="132" h="205" x="0.000000" y="-45.500000">
   <element name="cristalyium_juices" layername="cristalyium_juices" frame="1" z_index="9" m_a="1.000000" m_b="0.000000" m_c="0.000000" m_d="1.000000" m_tx="0.000000" m_ty="0.000000"/>
  </frame>
  <frame idx="600" w="132" h="205" x="0.000000" y="-45.500000">
   <element name="cristalyium_juices" layername="cristalyium_juices" frame="1" z_index="9" m_a="1.000000" m_b="0.000000" m_c="0.000000" m_d="1.000000" m_tx="0.000000" m_ty="0.000000"/>
  </frame>
  <frame idx="625" w="132" h="205" x="0.000000" y="-45.500000">
   <element name="cristalyium_juices" layername="cristalyium_juices" frame="1" z_index="9" m_a="1.000000" m_b="0.000000" m_c="0.000000" m_d="1.000000" m_tx="0.000000" m_ty="0.000000"/>
  </frame>
  <frame idx="650" w="132" h="205" x="0.000000" y="-45.500000">
   <element name="cristalyium_juices" layername="cristalyium_juices" frame="1" z_index="9" m_a="1.000000" m_b="0.000000" m_c="0.000000" m_d="1.000000" m_tx="0.000000" m_ty="0.000000"/>
  </frame>
  <frame idx="675" w="132" h="205" x="0.000000" y="-45.500000">
   <element name="cristalyium_juices" layername="cristalyium_juices" frame="1" z_index="9" m_a="1.000000" m_b="0.000000" m_c="0.000000" m_d="1.000000" m_tx="0.000000" m_ty="0.000000"/>
  </frame>
  <frame idx="700" w="132" h="205" x="0.000000" y="-45.500000">
   <element name="cristalyium_juices" layername="cristalyium_juices" frame="1" z_index="9" m_a="1.000000" m_b="0.000000" m_c="0.000000" m_d="1.000000" m_tx="0.000000" m_ty="0.000000"/>
  </frame>
  <frame idx="725" w="132" h="205" x="0.000000" y="-45.500000">
   <element name="cristalyium_juices" layername="cristalyium_juices" frame="1" z_index="9" m_a="1.000000" m_b="0.000000" m_c="0.000000" m_d="1.000000" m_tx="0.000000" m_ty="0.000000"/>
  </frame>
  <frame idx="750" w="132" h="205" x="0.000000" y="-45.500000">
   <element name="cristalyium_juices" layername="cristalyium_juices" frame="1" z_index="9" m_a="1.000000" m_b="0.000000" m_c="0.000000" m_d="1.000000" m_tx="0.000000" m_ty="0.000000"/>
  </frame>
  <frame idx="775" w="132" h="205" x="0.000000" y="-45.500000">
   <element name="cristalyium_juices" layername="cristalyium_juices" frame="1" z_index="9" m_a="1.000000" m_b="0.000000" m_c="0.000000" m_d="1.000000" m_tx="0.000000" m_ty="0.000000"/>
  </frame>
  <frame idx="800" w="132" h="205" x="0.000000" y="-45.500000">
   <element name="cristalyium_juices" layername="cristalyium_juices" frame="1" z_index="9" m_a="1.000000" m_b="0.000000" m_c="0.000000" m_d="1.000000" m_tx="0.000000" m_ty="0.000000"/>
  </frame>
  <frame idx="825" w="132" h="205" x="0.000000" y="-45.500000">
   <element name="cristalyium_juices" layername="cristalyium_juices" frame="1" z_index="9" m_a="1.000000" m_b="0.000000" m_c="0.000000" m_d="1.000000" m_tx="0.000000" m_ty="0.000000"/>
  </frame>
  <frame idx="850" w="132" h="205" x="0.000000" y="-45.500000">
   <element name="cristalyium_juices" layername="cristalyium_juices" frame="1" z_index="9" m_a="1.000000" m_b="0.000000" m_c="0.000000" m_d="1.000000" m_tx="0.000000" m_ty="0.000000"/>
  </frame>
  <frame idx="875" w="132" h="205" x="0.000000" y="-45.500000">
   <element name="cristalyium_juices" layername="cristalyium_juices" frame="1" z_index="9" m_a="1.000000" m_b="0.000000" m_c="0.000000" m_d="1.000000" m_tx="0.000000" m_ty="0.000000"/>
  </frame>
  <frame idx="900" w="132" h="205" x="0.000000" y="-45.500000">
   <element name="cristalyium_juices" layername="cristalyium_juices" frame="1" z_index="9" m_a="1.000000" m_b="0.000000" m_c="0.000000" m_d="1.000000" m_tx="0.000000" m_ty="0.000000"/>
  </frame>
  <frame idx="925" w="132" h="205" x="0.000000" y="-45.500000">
   <element name="cristalyium_juices" layername="cristalyium_juices" frame="1" z_index="9" m_a="1.000000" m_b="0.000000" m_c="0.000000" m_d="1.000000" m_tx="0.000000" m_ty="0.000000"/>
  </frame>
  <frame idx="950" w="132" h="205" x="0.000000" y="-45.500000">
   <element name="cristalyium_juices" layername="cristalyium_juices" frame="1" z_index="9" m_a="1.000000" m_b="0.000000" m_c="0.000000" m_d="1.000000" m_tx="0.000000" m_ty="0.000000"/>
  </frame>
  <frame idx="975" w="132" h="205" x="0.000000" y="-45.500000">
   <element name="cristalyium_juices" layername="cristalyium_juices" frame="1" z_index="9" m_a="1.000000" m_b="0.000000" m_c="0.000000" m_d="1.000000" m_tx="0.000000" m_ty="0.000000"/>
  </frame>
 </anim>
 <anim name="idle" root="yellonite_juice" numframes="1000" framerate="40">
  <frame idx="0" w="132" h="205" x="0.000000" y="-45.500000">
   <element name="cristalyium_juices" layername="cristalyium_juices-3" frame="3" z_index="9" m_a="1.000000" m_b="0.000000" m_c="0.000000" m_d="1.000000" m_tx="0.000000" m_ty="0.000000"/>
  </frame>
  <frame idx="25" w="132" h="205" x="0.000000" y="-45.500000">
   <element name="cristalyium_juices" layername="cristalyium_juices-3" frame="3" z_index="9" m_a="1.000000" m_b="0.000000" m_c="0.000000" m_d="1.000000" m_tx="0.000000" m_ty="0.000000"/>
  </frame>
  <frame idx="50" w="132" h="205" x="0.000000" y="-45.500000">
   <element name="cristalyium_juices" layername="cristalyium_juices-3" frame="3" z_index="9" m_a="1.000000" m_b="0.000000" m_c="0.000000" m_d="1.000000" m_tx="0.000000" m_ty="0.000000"/>
  </frame>
  <frame idx="75" w="132" h="205" x="0.000000" y="-45.500000">
   <element name="cristalyium_juices" layername="cristalyium_juices-3" frame="3" z_index="9" m_a="1.000000" m_b="0.000000" m_c="0.000000" m_d="1.000000" m_tx="0.000000" m_ty="0.000000"/>
  </frame>
  <frame idx="100" w="132" h="205" x="0.000000" y="-45.500000">
   <element name="cristalyium_juices" layername="cristalyium_juices-3" frame="3" z_index="9" m_a="1.000000" m_b="0.000000" m_c="0.000000" m_d="1.000000" m_tx="0.000000" m_ty="0.000000"/>
  </frame>
  <frame idx="125" w="132" h="205" x="0.000000" y="-45.500000">
   <element name="cristalyium_juices" layername="cristalyium_juices-3" frame="3" z_index="9" m_a="1.000000" m_b="0.000000" m_c="0.000000" m_d="1.000000" m_tx="0.000000" m_ty="0.000000"/>
  </frame>
  <frame idx="150" w="132" h="205" x="0.000000" y="-45.500000">
   <element name="cristalyium_juices" layername="cristalyium_juices-3" frame="3" z_index="9" m_a="1.000000" m_b="0.000000" m_c="0.000000" m_d="1.000000" m_tx="0.000000" m_ty="0.000000"/>
  </frame>
  <frame idx="175" w="132" h="205" x="0.000000" y="-45.500000">
   <element name="cristalyium_juices" layername="cristalyium_juices-3" frame="3" z_index="9" m_a="1.000000" m_b="0.000000" m_c="0.000000" m_d="1.000000" m_tx="0.000000" m_ty="0.000000"/>
  </frame>
  <frame idx="200" w="132" h="205" x="0.000000" y="-45.500000">
   <element name="cristalyium_juices" layername="cristalyium_juices-3" frame="3" z_index="9" m_a="1.000000" m_b="0.000000" m_c="0.000000" m_d="1.000000" m_tx="0.000000" m_ty="0.000000"/>
  </frame>
  <frame idx="225" w="132" h="205" x="0.000000" y="-45.500000">
   <element name="cristalyium_juices" layername="cristalyium_juices-3" frame="3" z_index="9" m_a="1.000000" m_b="0.000000" m_c="0.000000" m_d="1.000000" m_tx="0.000000" m_ty="0.000000"/>
  </frame>
  <frame idx="250" w="132" h="205" x="0.000000" y="-45.500000">
   <element name="cristalyium_juices" layername="cristalyium_juices-3" frame="3" z_index="9" m_a="1.000000" m_b="0.000000" m_c="0.000000" m_d="1.000000" m_tx="0.000000" m_ty="0.000000"/>
  </frame>
  <frame idx="275" w="132" h="205" x="0.000000" y="-45.500000">
   <element name="cristalyium_juices" layername="cristalyium_juices-3" frame="3" z_index="9" m_a="1.000000" m_b="0.000000" m_c="0.000000" m_d="1.000000" m_tx="0.000000" m_ty="0.000000"/>
  </frame>
  <frame idx="300" w="132" h="205" x="0.000000" y="-45.500000">
   <element name="cristalyium_juices" layername="cristalyium_juices-3" frame="3" z_index="9" m_a="1.000000" m_b="0.000000" m_c="0.000000" m_d="1.000000" m_tx="0.000000" m_ty="0.000000"/>
  </frame>
  <frame idx="325" w="132" h="205" x="0.000000" y="-45.500000">
   <element name="cristalyium_juices" layername="cristalyium_juices-3" frame="3" z_index="9" m_a="1.000000" m_b="0.000000" m_c="0.000000" m_d="1.000000" m_tx="0.000000" m_ty="0.000000"/>
  </frame>
  <frame idx="350" w="132" h="205" x="0.000000" y="-45.500000">
   <element name="cristalyium_juices" layername="cristalyium_juices-3" frame="3" z_index="9" m_a="1.000000" m_b="0.000000" m_c="0.000000" m_d="1.000000" m_tx="0.000000" m_ty="0.000000"/>
  </frame>
  <frame idx="375" w="132" h="205" x="0.000000" y="-45.500000">
   <element name="cristalyium_juices" layername="cristalyium_juices-3" frame="3" z_index="9" m_a="1.000000" m_b="0.000000" m_c="0.000000" m_d="1.000000" m_tx="0.000000" m_ty="0.000000"/>
  </frame>
  <frame idx="400" w="132" h="205" x="0.000000" y="-45.500000">
   <element name="cristalyium_juices" layername="cristalyium_juices-3" frame="3" z_index="9" m_a="1.000000" m_b="0.000000" m_c="0.000000" m_d="1.000000" m_tx="0.000000" m_ty="0.000000"/>
  </frame>
  <frame idx="425" w="132" h="205" x="0.000000" y="-45.500000">
   <element name="cristalyium_juices" layername="cristalyium_juices-3" frame="3" z_index="9" m_a="1.000000" m_b="0.000000" m_c="0.000000" m_d="1.000000" m_tx="0.000000" m_ty="0.000000"/>
  </frame>
  <frame idx="450" w="132" h="205" x="0.000000" y="-45.500000">
   <element name="cristalyium_juices" layername="cristalyium_juices-3" frame="3" z_index="9" m_a="1.000000" m_b="0.000000" m_c="0.000000" m_d="1.000000" m_tx="0.000000" m_ty="0.000000"/>
  </frame>
  <frame idx="475" w="132" h="205" x="0.000000" y="-45.500000">
   <element name="cristalyium_juices" layername="cristalyium_juices-3" frame="3" z_index="9" m_a="1.000000" m_b="0.000000" m_c="0.000000" m_d="1.000000" m_tx="0.000000" m_ty="0.000000"/>
  </frame>
  <frame idx="500" w="132" h="205" x="0.000000" y="-45.500000">
   <element name="cristalyium_juices" layername="cristalyium_juices-3" frame="3" z_index="9" m_a="1.000000" m_b="0.000000" m_c="0.000000" m_d="1.000000" m_tx="0.000000" m_ty="0.000000"/>
  </frame>
  <frame idx="525" w="132" h="205" x="0.000000" y="-45.500000">
   <element name="cristalyium_juices" layername="cristalyium_juices-3" frame="3" z_index="9" m_a="1.000000" m_b="0.000000" m_c="0.000000" m_d="1.000000" m_tx="0.000000" m_ty="0.000000"/>
  </frame>
  <frame idx="550" w="132" h="205" x="0.000000" y="-45.500000">
   <element name="cristalyium_juices" layername="cristalyium_juices-3" frame="3" z_index="9" m_a="1.000000" m_b="0.000000" m_c="0.000000" m_d="1.000000" m_tx="0.000000" m_ty="0.000000"/>
  </frame>
  <frame idx="575" w="132" h="205" x="0.000000" y="-45.500000">
   <element name="cristalyium_juices" layername="cristalyium_juices-3" frame="3" z_index="9" m_a="1.000000" m_b="0.000000" m_c="0.000000" m_d="1.000000" m_tx="0.000000" m_ty="0.000000"/>
  </frame>
  <frame idx="600" w="132" h="205" x="0.000000" y="-45.500000">
   <element name="cristalyium_juices" layername="cristalyium_juices-3" frame="3" z_index="9" m_a="1.000000" m_b="0.000000" m_c="0.000000" m_d="1.000000" m_tx="0.000000" m_ty="0.000000"/>
  </frame>
  <frame idx="625" w="132" h="205" x="0.000000" y="-45.500000">
   <element name="cristalyium_juices" layername="cristalyium_juices-3" frame="3" z_index="9" m_a="1.000000" m_b="0.000000" m_c="0.000000" m_d="1.000000" m_tx="0.000000" m_ty="0.000000"/>
  </frame>
  <frame idx="650" w="132" h="205" x="0.000000" y="-45.500000">
   <element name="cristalyium_juices" layername="cristalyium_juices-3" frame="3" z_index="9" m_a="1.000000" m_b="0.000000" m_c="0.000000" m_d="1.000000" m_tx="0.000000" m_ty="0.000000"/>
  </frame>
  <frame idx="675" w="132" h="205" x="0.000000" y="-45.500000">
   <element name="cristalyium_juices" layername="cristalyium_juices-3" frame="3" z_index="9" m_a="1.000000" m_b="0.000000" m_c="0.000000" m_d="1.000000" m_tx="0.000000" m_ty="0.000000"/>
  </frame>
  <frame idx="700" w="132" h="205" x="0.000000" y="-45.500000">
   <element name="cristalyium_juices" layername="cristalyium_juices-3" frame="3" z_index="9" m_a="1.000000" m_b="0.000000" m_c="0.000000" m_d="1.000000" m_tx="0.000000" m_ty="0.000000"/>
  </frame>
  <frame idx="725" w="132" h="205" x="0.000000" y="-45.500000">
   <element name="cristalyium_juices" layername="cristalyium_juices-3" frame="3" z_index="9" m_a="1.000000" m_b="0.000000" m_c="0.000000" m_d="1.000000" m_tx="0.000000" m_ty="0.000000"/>
  </frame>
  <frame idx="750" w="132" h="205" x="0.000000" y="-45.500000">
   <element name="cristalyium_juices" layername="cristalyium_juices-3" frame="3" z_index="9" m_a="1.000000" m_b="0.000000" m_c="0.000000" m_d="1.000000" m_tx="0.000000" m_ty="0.000000"/>
  </frame>
  <frame idx="775" w="132" h="205" x="0.000000" y="-45.500000">
   <element name="cristalyium_juices" layername="cristalyium_juices-3" frame="3" z_index="9" m_a="1.000000" m_b="0.000000" m_c="0.000000" m_d="1.000000" m_tx="0.000000" m_ty="0.000000"/>
  </frame>
  <frame idx="800" w="132" h="205" x="0.000000" y="-45.500000">
   <element name="cristalyium_juices" layername="cristalyium_juices-3" frame="3" z_index="9" m_a="1.000000" m_b="0.000000" m_c="0.000000" m_d="1.000000" m_tx="0.000000" m_ty="0.000000"/>
  </frame>
  <frame idx="825" w="132" h="205" x="0.000000" y="-45.500000">
   <element name="cristalyium_juices" layername="cristalyium_juices-3" frame="3" z_index="9" m_a="1.000000" m_b="0.000000" m_c="0.000000" m_d="1.000000" m_tx="0.000000" m_ty="0.000000"/>
  </frame>
  <frame idx="850" w="132" h="205" x="0.000000" y="-45.500000">
   <element name="cristalyium_juices" layername="cristalyium_juices-3" frame="3" z_index="9" m_a="1.000000" m_b="0.000000" m_c="0.000000" m_d="1.000000" m_tx="0.000000" m_ty="0.000000"/>
  </frame>
  <frame idx="875" w="132" h="205" x="0.000000" y="-45.500000">
   <element name="cristalyium_juices" layername="cristalyium_juices-3" frame="3" z_index="9" m_a="1.000000" m_b="0.000000" m_c="0.000000" m_d="1.000000" m_tx="0.000000" m_ty="0.000000"/>
  </frame>
  <frame idx="900" w="132" h="205" x="0.000000" y="-45.500000">
   <element name="cristalyium_juices" layername="cristalyium_juices-3" frame="3" z_index="9" m_a="1.000000" m_b="0.000000" m_c="0.000000" m_d="1.000000" m_tx="0.000000" m_ty="0.000000"/>
  </frame>
  <frame idx="925" w="132" h="205" x="0.000000" y="-45.500000">
   <element name="cristalyium_juices" layername="cristalyium_juices-3" frame="3" z_index="9" m_a="1.000000" m_b="0.000000" m_c="0.000000" m_d="1.000000" m_tx="0.000000" m_ty="0.000000"/>
  </frame>
  <frame idx="950" w="132" h="205" x="0.000000" y="-45.500000">
   <element name="cristalyium_juices" layername="cristalyium_juices-3" frame="3" z_index="9" m_a="1.000000" m_b="0.000000" m_c="0.000000" m_d="1.000000" m_tx="0.000000" m_ty="0.000000"/>
  </frame>
  <frame idx="975" w="132" h="205" x="0.000000" y="-45.500000">
   <element name="cristalyium_juices" layername="cristalyium_juices-3" frame="3" z_index="9" m_a="1.000000" m_b="0.000000" m_c="0.000000" m_d="1.000000" m_tx="0.000000" m_ty="0.000000"/>
  </frame>
 </anim>
 <anim name="idle" root="greenulium_juice" numframes="1000" framerate="40">
  <frame idx="0" w="132" h="205" x="0.000000" y="-45.500000">
   <element name="cristalyium_juices" layername="cristalyium_juices-4" frame="4" z_index="9" m_a="1.000000" m_b="0.000000" m_c="0.000000" m_d="1.000000" m_tx="0.000000" m_ty="0.000000"/>
  </frame>
  <frame idx="25" w="132" h="205" x="0.000000" y="-45.500000">
   <element name="cristalyium_juices" layername="cristalyium_juices-4" frame="4" z_index="9" m_a="1.000000" m_b="0.000000" m_c="0.000000" m_d="1.000000" m_tx="0.000000" m_ty="0.000000"/>
  </frame>
  <frame idx="50" w="132" h="205" x="0.000000" y="-45.500000">
   <element name="cristalyium_juices" layername="cristalyium_juices-4" frame="4" z_index="9" m_a="1.000000" m_b="0.000000" m_c="0.000000" m_d="1.000000" m_tx="0.000000" m_ty="0.000000"/>
  </frame>
  <frame idx="75" w="132" h="205" x="0.000000" y="-45.500000">
   <element name="cristalyium_juices" layername="cristalyium_juices-4" frame="4" z_index="9" m_a="1.000000" m_b="0.000000" m_c="0.000000" m_d="1.000000" m_tx="0.000000" m_ty="0.000000"/>
  </frame>
  <frame idx="100" w="132" h="205" x="0.000000" y="-45.500000">
   <element name="cristalyium_juices" layername="cristalyium_juices-4" frame="4" z_index="9" m_a="1.000000" m_b="0.000000" m_c="0.000000" m_d="1.000000" m_tx="0.000000" m_ty="0.000000"/>
  </frame>
  <frame idx="125" w="132" h="205" x="0.000000" y="-45.500000">
   <element name="cristalyium_juices" layername="cristalyium_juices-4" frame="4" z_index="9" m_a="1.000000" m_b="0.000000" m_c="0.000000" m_d="1.000000" m_tx="0.000000" m_ty="0.000000"/>
  </frame>
  <frame idx="150" w="132" h="205" x="0.000000" y="-45.500000">
   <element name="cristalyium_juices" layername="cristalyium_juices-4" frame="4" z_index="9" m_a="1.000000" m_b="0.000000" m_c="0.000000" m_d="1.000000" m_tx="0.000000" m_ty="0.000000"/>
  </frame>
  <frame idx="175" w="132" h="205" x="0.000000" y="-45.500000">
   <element name="cristalyium_juices" layername="cristalyium_juices-4" frame="4" z_index="9" m_a="1.000000" m_b="0.000000" m_c="0.000000" m_d="1.000000" m_tx="0.000000" m_ty="0.000000"/>
  </frame>
  <frame idx="200" w="132" h="205" x="0.000000" y="-45.500000">
   <element name="cristalyium_juices" layername="cristalyium_juices-4" frame="4" z_index="9" m_a="1.000000" m_b="0.000000" m_c="0.000000" m_d="1.000000" m_tx="0.000000" m_ty="0.000000"/>
  </frame>
  <frame idx="225" w="132" h="205" x="0.000000" y="-45.500000">
   <element name="cristalyium_juices" layername="cristalyium_juices-4" frame="4" z_index="9" m_a="1.000000" m_b="0.000000" m_c="0.000000" m_d="1.000000" m_tx="0.000000" m_ty="0.000000"/>
  </frame>
  <frame idx="250" w="132" h="205" x="0.000000" y="-45.500000">
   <element name="cristalyium_juices" layername="cristalyium_juices-4" frame="4" z_index="9" m_a="1.000000" m_b="0.000000" m_c="0.000000" m_d="1.000000" m_tx="0.000000" m_ty="0.000000"/>
  </frame>
  <frame idx="275" w="132" h="205" x="0.000000" y="-45.500000">
   <element name="cristalyium_juices" layername="cristalyium_juices-4" frame="4" z_index="9" m_a="1.000000" m_b="0.000000" m_c="0.000000" m_d="1.000000" m_tx="0.000000" m_ty="0.000000"/>
  </frame>
  <frame idx="300" w="132" h="205" x="0.000000" y="-45.500000">
   <element name="cristalyium_juices" layername="cristalyium_juices-4" frame="4" z_index="9" m_a="1.000000" m_b="0.000000" m_c="0.000000" m_d="1.000000" m_tx="0.000000" m_ty="0.000000"/>
  </frame>
  <frame idx="325" w="132" h="205" x="0.000000" y="-45.500000">
   <element name="cristalyium_juices" layername="cristalyium_juices-4" frame="4" z_index="9" m_a="1.000000" m_b="0.000000" m_c="0.000000" m_d="1.000000" m_tx="0.000000" m_ty="0.000000"/>
  </frame>
  <frame idx="350" w="132" h="205" x="0.000000" y="-45.500000">
   <element name="cristalyium_juices" layername="cristalyium_juices-4" frame="4" z_index="9" m_a="1.000000" m_b="0.000000" m_c="0.000000" m_d="1.000000" m_tx="0.000000" m_ty="0.000000"/>
  </frame>
  <frame idx="375" w="132" h="205" x="0.000000" y="-45.500000">
   <element name="cristalyium_juices" layername="cristalyium_juices-4" frame="4" z_index="9" m_a="1.000000" m_b="0.000000" m_c="0.000000" m_d="1.000000" m_tx="0.000000" m_ty="0.000000"/>
  </frame>
  <frame idx="400" w="132" h="205" x="0.000000" y="-45.500000">
   <element name="cristalyium_juices" layername="cristalyium_juices-4" frame="4" z_index="9" m_a="1.000000" m_b="0.000000" m_c="0.000000" m_d="1.000000" m_tx="0.000000" m_ty="0.000000"/>
  </frame>
  <frame idx="425" w="132" h="205" x="0.000000" y="-45.500000">
   <element name="cristalyium_juices" layername="cristalyium_juices-4" frame="4" z_index="9" m_a="1.000000" m_b="0.000000" m_c="0.000000" m_d="1.000000" m_tx="0.000000" m_ty="0.000000"/>
  </frame>
  <frame idx="450" w="132" h="205" x="0.000000" y="-45.500000">
   <element name="cristalyium_juices" layername="cristalyium_juices-4" frame="4" z_index="9" m_a="1.000000" m_b="0.000000" m_c="0.000000" m_d="1.000000" m_tx="0.000000" m_ty="0.000000"/>
  </frame>
  <frame idx="475" w="132" h="205" x="0.000000" y="-45.500000">
   <element name="cristalyium_juices" layername="cristalyium_juices-4" frame="4" z_index="9" m_a="1.000000" m_b="0.000000" m_c="0.000000" m_d="1.000000" m_tx="0.000000" m_ty="0.000000"/>
  </frame>
  <frame idx="500" w="132" h="205" x="0.000000" y="-45.500000">
   <element name="cristalyium_juices" layername="cristalyium_juices-4" frame="4" z_index="9" m_a="1.000000" m_b="0.000000" m_c="0.000000" m_d="1.000000" m_tx="0.000000" m_ty="0.000000"/>
  </frame>
  <frame idx="525" w="132" h="205" x="0.000000" y="-45.500000">
   <element name="cristalyium_juices" layername="cristalyium_juices-4" frame="4" z_index="9" m_a="1.000000" m_b="0.000000" m_c="0.000000" m_d="1.000000" m_tx="0.000000" m_ty="0.000000"/>
  </frame>
  <frame idx="550" w="132" h="205" x="0.000000" y="-45.500000">
   <element name="cristalyium_juices" layername="cristalyium_juices-4" frame="4" z_index="9" m_a="1.000000" m_b="0.000000" m_c="0.000000" m_d="1.000000" m_tx="0.000000" m_ty="0.000000"/>
  </frame>
  <frame idx="575" w="132" h="205" x="0.000000" y="-45.500000">
   <element name="cristalyium_juices" layername="cristalyium_juices-4" frame="4" z_index="9" m_a="1.000000" m_b="0.000000" m_c="0.000000" m_d="1.000000" m_tx="0.000000" m_ty="0.000000"/>
  </frame>
  <frame idx="600" w="132" h="205" x="0.000000" y="-45.500000">
   <element name="cristalyium_juices" layername="cristalyium_juices-4" frame="4" z_index="9" m_a="1.000000" m_b="0.000000" m_c="0.000000" m_d="1.000000" m_tx="0.000000" m_ty="0.000000"/>
  </frame>
  <frame idx="625" w="132" h="205" x="0.000000" y="-45.500000">
   <element name="cristalyium_juices" layername="cristalyium_juices-4" frame="4" z_index="9" m_a="1.000000" m_b="0.000000" m_c="0.000000" m_d="1.000000" m_tx="0.000000" m_ty="0.000000"/>
  </frame>
  <frame idx="650" w="132" h="205" x="0.000000" y="-45.500000">
   <element name="cristalyium_juices" layername="cristalyium_juices-4" frame="4" z_index="9" m_a="1.000000" m_b="0.000000" m_c="0.000000" m_d="1.000000" m_tx="0.000000" m_ty="0.000000"/>
  </frame>
  <frame idx="675" w="132" h="205" x="0.000000" y="-45.500000">
   <element name="cristalyium_juices" layername="cristalyium_juices-4" frame="4" z_index="9" m_a="1.000000" m_b="0.000000" m_c="0.000000" m_d="1.000000" m_tx="0.000000" m_ty="0.000000"/>
  </frame>
  <frame idx="700" w="132" h="205" x="0.000000" y="-45.500000">
   <element name="cristalyium_juices" layername="cristalyium_juices-4" frame="4" z_index="9" m_a="1.000000" m_b="0.000000" m_c="0.000000" m_d="1.000000" m_tx="0.000000" m_ty="0.000000"/>
  </frame>
  <frame idx="725" w="132" h="205" x="0.000000" y="-45.500000">
   <element name="cristalyium_juices" layername="cristalyium_juices-4" frame="4" z_index="9" m_a="1.000000" m_b="0.000000" m_c="0.000000" m_d="1.000000" m_tx="0.000000" m_ty="0.000000"/>
  </frame>
  <frame idx="750" w="132" h="205" x="0.000000" y="-45.500000">
   <element name="cristalyium_juices" layername="cristalyium_juices-4" frame="4" z_index="9" m_a="1.000000" m_b="0.000000" m_c="0.000000" m_d="1.000000" m_tx="0.000000" m_ty="0.000000"/>
  </frame>
  <frame idx="775" w="132" h="205" x="0.000000" y="-45.500000">
   <element name="cristalyium_juices" layername="cristalyium_juices-4" frame="4" z_index="9" m_a="1.000000" m_b="0.000000" m_c="0.000000" m_d="1.000000" m_tx="0.000000" m_ty="0.000000"/>
  </frame>
  <frame idx="800" w="132" h="205" x="0.000000" y="-45.500000">
   <element name="cristalyium_juices" layername="cristalyium_juices-4" frame="4" z_index="9" m_a="1.000000" m_b="0.000000" m_c="0.000000" m_d="1.000000" m_tx="0.000000" m_ty="0.000000"/>
  </frame>
  <frame idx="825" w="132" h="205" x="0.000000" y="-45.500000">
   <element name="cristalyium_juices" layername="cristalyium_juices-4" frame="4" z_index="9" m_a="1.000000" m_b="0.000000" m_c="0.000000" m_d="1.000000" m_tx="0.000000" m_ty="0.000000"/>
  </frame>
  <frame idx="850" w="132" h="205" x="0.000000" y="-45.500000">
   <element name="cristalyium_juices" layername="cristalyium_juices-4" frame="4" z_index="9" m_a="1.000000" m_b="0.000000" m_c="0.000000" m_d="1.000000" m_tx="0.000000" m_ty="0.000000"/>
  </frame>
  <frame idx="875" w="132" h="205" x="0.000000" y="-45.500000">
   <element name="cristalyium_juices" layername="cristalyium_juices-4" frame="4" z_index="9" m_a="1.000000" m_b="0.000000" m_c="0.000000" m_d="1.000000" m_tx="0.000000" m_ty="0.000000"/>
  </frame>
  <frame idx="900" w="132" h="205" x="0.000000" y="-45.500000">
   <element name="cristalyium_juices" layername="cristalyium_juices-4" frame="4" z_index="9" m_a="1.000000" m_b="0.000000" m_c="0.000000" m_d="1.000000" m_tx="0.000000" m_ty="0.000000"/>
  </frame>
  <frame idx="925" w="132" h="205" x="0.000000" y="-45.500000">
   <element name="cristalyium_juices" layername="cristalyium_juices-4" frame="4" z_index="9" m_a="1.000000" m_b="0.000000" m_c="0.000000" m_d="1.000000" m_tx="0.000000" m_ty="0.000000"/>
  </frame>
  <frame idx="950" w="132" h="205" x="0.000000" y="-45.500000">
   <element name="cristalyium_juices" layername="cristalyium_juices-4" frame="4" z_index="9" m_a="1.000000" m_b="0.000000" m_c="0.000000" m_d="1.000000" m_tx="0.000000" m_ty="0.000000"/>
  </frame>
  <frame idx="975" w="132" h="205" x="0.000000" y="-45.500000">
   <element name="cristalyium_juices" layername="cristalyium_juices-4" frame="4" z_index="9" m_a="1.000000" m_b="0.000000" m_c="0.000000" m_d="1.000000" m_tx="0.000000" m_ty="0.000000"/>
  </frame>
 </anim>
 <anim name="idle" root="cyanulium_juice" numframes="1000" framerate="40">
  <frame idx="0" w="132" h="205" x="0.000000" y="-45.500000">
   <element name="cristalyium_juices" layername="cristalyium_juices-5" frame="5" z_index="9" m_a="1.000000" m_b="0.000000" m_c="0.000000" m_d="1.000000" m_tx="0.000000" m_ty="0.000000"/>
  </frame>
  <frame idx="25" w="132" h="205" x="0.000000" y="-45.500000">
   <element name="cristalyium_juices" layername="cristalyium_juices-5" frame="5" z_index="9" m_a="1.000000" m_b="0.000000" m_c="0.000000" m_d="1.000000" m_tx="0.000000" m_ty="0.000000"/>
  </frame>
  <frame idx="50" w="132" h="205" x="0.000000" y="-45.500000">
   <element name="cristalyium_juices" layername="cristalyium_juices-5" frame="5" z_index="9" m_a="1.000000" m_b="0.000000" m_c="0.000000" m_d="1.000000" m_tx="0.000000" m_ty="0.000000"/>
  </frame>
  <frame idx="75" w="132" h="205" x="0.000000" y="-45.500000">
   <element name="cristalyium_juices" layername="cristalyium_juices-5" frame="5" z_index="9" m_a="1.000000" m_b="0.000000" m_c="0.000000" m_d="1.000000" m_tx="0.000000" m_ty="0.000000"/>
  </frame>
  <frame idx="100" w="132" h="205" x="0.000000" y="-45.500000">
   <element name="cristalyium_juices" layername="cristalyium_juices-5" frame="5" z_index="9" m_a="1.000000" m_b="0.000000" m_c="0.000000" m_d="1.000000" m_tx="0.000000" m_ty="0.000000"/>
  </frame>
  <frame idx="125" w="132" h="205" x="0.000000" y="-45.500000">
   <element name="cristalyium_juices" layername="cristalyium_juices-5" frame="5" z_index="9" m_a="1.000000" m_b="0.000000" m_c="0.000000" m_d="1.000000" m_tx="0.000000" m_ty="0.000000"/>
  </frame>
  <frame idx="150" w="132" h="205" x="0.000000" y="-45.500000">
   <element name="cristalyium_juices" layername="cristalyium_juices-5" frame="5" z_index="9" m_a="1.000000" m_b="0.000000" m_c="0.000000" m_d="1.000000" m_tx="0.000000" m_ty="0.000000"/>
  </frame>
  <frame idx="175" w="132" h="205" x="0.000000" y="-45.500000">
   <element name="cristalyium_juices" layername="cristalyium_juices-5" frame="5" z_index="9" m_a="1.000000" m_b="0.000000" m_c="0.000000" m_d="1.000000" m_tx="0.000000" m_ty="0.000000"/>
  </frame>
  <frame idx="200" w="132" h="205" x="0.000000" y="-45.500000">
   <element name="cristalyium_juices" layername="cristalyium_juices-5" frame="5" z_index="9" m_a="1.000000" m_b="0.000000" m_c="0.000000" m_d="1.000000" m_tx="0.000000" m_ty="0.000000"/>
  </frame>
  <frame idx="225" w="132" h="205" x="0.000000" y="-45.500000">
   <element name="cristalyium_juices" layername="cristalyium_juices-5" frame="5" z_index="9" m_a="1.000000" m_b="0.000000" m_c="0.000000" m_d="1.000000" m_tx="0.000000" m_ty="0.000000"/>
  </frame>
  <frame idx="250" w="132" h="205" x="0.000000" y="-45.500000">
   <element name="cristalyium_juices" layername="cristalyium_juices-5" frame="5" z_index="9" m_a="1.000000" m_b="0.000000" m_c="0.000000" m_d="1.000000" m_tx="0.000000" m_ty="0.000000"/>
  </frame>
  <frame idx="275" w="132" h="205" x="0.000000" y="-45.500000">
   <element name="cristalyium_juices" layername="cristalyium_juices-5" frame="5" z_index="9" m_a="1.000000" m_b="0.000000" m_c="0.000000" m_d="1.000000" m_tx="0.000000" m_ty="0.000000"/>
  </frame>
  <frame idx="300" w="132" h="205" x="0.000000" y="-45.500000">
   <element name="cristalyium_juices" layername="cristalyium_juices-5" frame="5" z_index="9" m_a="1.000000" m_b="0.000000" m_c="0.000000" m_d="1.000000" m_tx="0.000000" m_ty="0.000000"/>
  </frame>
  <frame idx="325" w="132" h="205" x="0.000000" y="-45.500000">
   <element name="cristalyium_juices" layername="cristalyium_juices-5" frame="5" z_index="9" m_a="1.000000" m_b="0.000000" m_c="0.000000" m_d="1.000000" m_tx="0.000000" m_ty="0.000000"/>
  </frame>
  <frame idx="350" w="132" h="205" x="0.000000" y="-45.500000">
   <element name="cristalyium_juices" layername="cristalyium_juices-5" frame="5" z_index="9" m_a="1.000000" m_b="0.000000" m_c="0.000000" m_d="1.000000" m_tx="0.000000" m_ty="0.000000"/>
  </frame>
  <frame idx="375" w="132" h="205" x="0.000000" y="-45.500000">
   <element name="cristalyium_juices" layername="cristalyium_juices-5" frame="5" z_index="9" m_a="1.000000" m_b="0.000000" m_c="0.000000" m_d="1.000000" m_tx="0.000000" m_ty="0.000000"/>
  </frame>
  <frame idx="400" w="132" h="205" x="0.000000" y="-45.500000">
   <element name="cristalyium_juices" layername="cristalyium_juices-5" frame="5" z_index="9" m_a="1.000000" m_b="0.000000" m_c="0.000000" m_d="1.000000" m_tx="0.000000" m_ty="0.000000"/>
  </frame>
  <frame idx="425" w="132" h="205" x="0.000000" y="-45.500000">
   <element name="cristalyium_juices" layername="cristalyium_juices-5" frame="5" z_index="9" m_a="1.000000" m_b="0.000000" m_c="0.000000" m_d="1.000000" m_tx="0.000000" m_ty="0.000000"/>
  </frame>
  <frame idx="450" w="132" h="205" x="0.000000" y="-45.500000">
   <element name="cristalyium_juices" layername="cristalyium_juices-5" frame="5" z_index="9" m_a="1.000000" m_b="0.000000" m_c="0.000000" m_d="1.000000" m_tx="0.000000" m_ty="0.000000"/>
  </frame>
  <frame idx="475" w="132" h="205" x="0.000000" y="-45.500000">
   <element name="cristalyium_juices" layername="cristalyium_juices-5" frame="5" z_index="9" m_a="1.000000" m_b="0.000000" m_c="0.000000" m_d="1.000000" m_tx="0.000000" m_ty="0.000000"/>
  </frame>
  <frame idx="500" w="132" h="205" x="0.000000" y="-45.500000">
   <element name="cristalyium_juices" layername="cristalyium_juices-5" frame="5" z_index="9" m_a="1.000000" m_b="0.000000" m_c="0.000000" m_d="1.000000" m_tx="0.000000" m_ty="0.000000"/>
  </frame>
  <frame idx="525" w="132" h="205" x="0.000000" y="-45.500000">
   <element name="cristalyium_juices" layername="cristalyium_juices-5" frame="5" z_index="9" m_a="1.000000" m_b="0.000000" m_c="0.000000" m_d="1.000000" m_tx="0.000000" m_ty="0.000000"/>
  </frame>
  <frame idx="550" w="132" h="205" x="0.000000" y="-45.500000">
   <element name="cristalyium_juices" layername="cristalyium_juices-5" frame="5" z_index="9" m_a="1.000000" m_b="0.000000" m_c="0.000000" m_d="1.000000" m_tx="0.000000" m_ty="0.000000"/>
  </frame>
  <frame idx="575" w="132" h="205" x="0.000000" y="-45.500000">
   <element name="cristalyium_juices" layername="cristalyium_juices-5" frame="5" z_index="9" m_a="1.000000" m_b="0.000000" m_c="0.000000" m_d="1.000000" m_tx="0.000000" m_ty="0.000000"/>
  </frame>
  <frame idx="600" w="132" h="205" x="0.000000" y="-45.500000">
   <element name="cristalyium_juices" layername="cristalyium_juices-5" frame="5" z_index="9" m_a="1.000000" m_b="0.000000" m_c="0.000000" m_d="1.000000" m_tx="0.000000" m_ty="0.000000"/>
  </frame>
  <frame idx="625" w="132" h="205" x="0.000000" y="-45.500000">
   <element name="cristalyium_juices" layername="cristalyium_juices-5" frame="5" z_index="9" m_a="1.000000" m_b="0.000000" m_c="0.000000" m_d="1.000000" m_tx="0.000000" m_ty="0.000000"/>
  </frame>
  <frame idx="650" w="132" h="205" x="0.000000" y="-45.500000">
   <element name="cristalyium_juices" layername="cristalyium_juices-5" frame="5" z_index="9" m_a="1.000000" m_b="0.000000" m_c="0.000000" m_d="1.000000" m_tx="0.000000" m_ty="0.000000"/>
  </frame>
  <frame idx="675" w="132" h="205" x="0.000000" y="-45.500000">
   <element name="cristalyium_juices" layername="cristalyium_juices-5" frame="5" z_index="9" m_a="1.000000" m_b="0.000000" m_c="0.000000" m_d="1.000000" m_tx="0.000000" m_ty="0.000000"/>
  </frame>
  <frame idx="700" w="132" h="205" x="0.000000" y="-45.500000">
   <element name="cristalyium_juices" layername="cristalyium_juices-5" frame="5" z_index="9" m_a="1.000000" m_b="0.000000" m_c="0.000000" m_d="1.000000" m_tx="0.000000" m_ty="0.000000"/>
  </frame>
  <frame idx="725" w="132" h="205" x="0.000000" y="-45.500000">
   <element name="cristalyium_juices" layername="cristalyium_juices-5" frame="5" z_index="9" m_a="1.000000" m_b="0.000000" m_c="0.000000" m_d="1.000000" m_tx="0.000000" m_ty="0.000000"/>
  </frame>
  <frame idx="750" w="132" h="205" x="0.000000" y="-45.500000">
   <element name="cristalyium_juices" layername="cristalyium_juices-5" frame="5" z_index="9" m_a="1.000000" m_b="0.000000" m_c="0.000000" m_d="1.000000" m_tx="0.000000" m_ty="0.000000"/>
  </frame>
  <frame idx="775" w="132" h="205" x="0.000000" y="-45.500000">
   <element name="cristalyium_juices" layername="cristalyium_juices-5" frame="5" z_index="9" m_a="1.000000" m_b="0.000000" m_c="0.000000" m_d="1.000000" m_tx="0.000000" m_ty="0.000000"/>
  </frame>
  <frame idx="800" w="132" h="205" x="0.000000" y="-45.500000">
   <element name="cristalyium_juices" layername="cristalyium_juices-5" frame="5" z_index="9" m_a="1.000000" m_b="0.000000" m_c="0.000000" m_d="1.000000" m_tx="0.000000" m_ty="0.000000"/>
  </frame>
  <frame idx="825" w="132" h="205" x="0.000000" y="-45.500000">
   <element name="cristalyium_juices" layername="cristalyium_juices-5" frame="5" z_index="9" m_a="1.000000" m_b="0.000000" m_c="0.000000" m_d="1.000000" m_tx="0.000000" m_ty="0.000000"/>
  </frame>
  <frame idx="850" w="132" h="205" x="0.000000" y="-45.500000">
   <element name="cristalyium_juices" layername="cristalyium_juices-5" frame="5" z_index="9" m_a="1.000000" m_b="0.000000" m_c="0.000000" m_d="1.000000" m_tx="0.000000" m_ty="0.000000"/>
  </frame>
  <frame idx="875" w="132" h="205" x="0.000000" y="-45.500000">
   <element name="cristalyium_juices" layername="cristalyium_juices-5" frame="5" z_index="9" m_a="1.000000" m_b="0.000000" m_c="0.000000" m_d="1.000000" m_tx="0.000000" m_ty="0.000000"/>
  </frame>
  <frame idx="900" w="132" h="205" x="0.000000" y="-45.500000">
   <element name="cristalyium_juices" layername="cristalyium_juices-5" frame="5" z_index="9" m_a="1.000000" m_b="0.000000" m_c="0.000000" m_d="1.000000" m_tx="0.000000" m_ty="0.000000"/>
  </frame>
  <frame idx="925" w="132" h="205" x="0.000000" y="-45.500000">
   <element name="cristalyium_juices" layername="cristalyium_juices-5" frame="5" z_index="9" m_a="1.000000" m_b="0.000000" m_c="0.000000" m_d="1.000000" m_tx="0.000000" m_ty="0.000000"/>
  </frame>
  <frame idx="950" w="132" h="205" x="0.000000" y="-45.500000">
   <element name="cristalyium_juices" layername="cristalyium_juices-5" frame="5" z_index="9" m_a="1.000000" m_b="0.000000" m_c="0.000000" m_d="1.000000" m_tx="0.000000" m_ty="0.000000"/>
  </frame>
  <frame idx="975" w="132" h="205" x="0.000000" y="-45.500000">
   <element name="cristalyium_juices" layername="cristalyium_juices-5" frame="5" z_index="9" m_a="1.000000" m_b="0.000000" m_c="0.000000" m_d="1.000000" m_tx="0.000000" m_ty="0.000000"/>
  </frame>
 </anim>
 <anim name="idle" root="blunium_juice" numframes="1000" framerate="40">
  <frame idx="0" w="132" h="205" x="0.000000" y="-45.500000">
   <element name="cristalyium_juices" layername="cristalyium_juices-6" frame="6" z_index="9" m_a="1.000000" m_b="0.000000" m_c="0.000000" m_d="1.000000" m_tx="0.000000" m_ty="0.000000"/>
  </frame>
  <frame idx="25" w="132" h="205" x="0.000000" y="-45.500000">
   <element name="cristalyium_juices" layername="cristalyium_juices-6" frame="6" z_index="9" m_a="1.000000" m_b="0.000000" m_c="0.000000" m_d="1.000000" m_tx="0.000000" m_ty="0.000000"/>
  </frame>
  <frame idx="50" w="132" h="205" x="0.000000" y="-45.500000">
   <element name="cristalyium_juices" layername="cristalyium_juices-6" frame="6" z_index="9" m_a="1.000000" m_b="0.000000" m_c="0.000000" m_d="1.000000" m_tx="0.000000" m_ty="0.000000"/>
  </frame>
  <frame idx="75" w="132" h="205" x="0.000000" y="-45.500000">
   <element name="cristalyium_juices" layername="cristalyium_juices-6" frame="6" z_index="9" m_a="1.000000" m_b="0.000000" m_c="0.000000" m_d="1.000000" m_tx="0.000000" m_ty="0.000000"/>
  </frame>
  <frame idx="100" w="132" h="205" x="0.000000" y="-45.500000">
   <element name="cristalyium_juices" layername="cristalyium_juices-6" frame="6" z_index="9" m_a="1.000000" m_b="0.000000" m_c="0.000000" m_d="1.000000" m_tx="0.000000" m_ty="0.000000"/>
  </frame>
  <frame idx="125" w="132" h="205" x="0.000000" y="-45.500000">
   <element name="cristalyium_juices" layername="cristalyium_juices-6" frame="6" z_index="9" m_a="1.000000" m_b="0.000000" m_c="0.000000" m_d="1.000000" m_tx="0.000000" m_ty="0.000000"/>
  </frame>
  <frame idx="150" w="132" h="205" x="0.000000" y="-45.500000">
   <element name="cristalyium_juices" layername="cristalyium_juices-6" frame="6" z_index="9" m_a="1.000000" m_b="0.000000" m_c="0.000000" m_d="1.000000" m_tx="0.000000" m_ty="0.000000"/>
  </frame>
  <frame idx="175" w="132" h="205" x="0.000000" y="-45.500000">
   <element name="cristalyium_juices" layername="cristalyium_juices-6" frame="6" z_index="9" m_a="1.000000" m_b="0.000000" m_c="0.000000" m_d="1.000000" m_tx="0.000000" m_ty="0.000000"/>
  </frame>
  <frame idx="200" w="132" h="205" x="0.000000" y="-45.500000">
   <element name="cristalyium_juices" layername="cristalyium_juices-6" frame="6" z_index="9" m_a="1.000000" m_b="0.000000" m_c="0.000000" m_d="1.000000" m_tx="0.000000" m_ty="0.000000"/>
  </frame>
  <frame idx="225" w="132" h="205" x="0.000000" y="-45.500000">
   <element name="cristalyium_juices" layername="cristalyium_juices-6" frame="6" z_index="9" m_a="1.000000" m_b="0.000000" m_c="0.000000" m_d="1.000000" m_tx="0.000000" m_ty="0.000000"/>
  </frame>
  <frame idx="250" w="132" h="205" x="0.000000" y="-45.500000">
   <element name="cristalyium_juices" layername="cristalyium_juices-6" frame="6" z_index="9" m_a="1.000000" m_b="0.000000" m_c="0.000000" m_d="1.000000" m_tx="0.000000" m_ty="0.000000"/>
  </frame>
  <frame idx="275" w="132" h="205" x="0.000000" y="-45.500000">
   <element name="cristalyium_juices" layername="cristalyium_juices-6" frame="6" z_index="9" m_a="1.000000" m_b="0.000000" m_c="0.000000" m_d="1.000000" m_tx="0.000000" m_ty="0.000000"/>
  </frame>
  <frame idx="300" w="132" h="205" x="0.000000" y="-45.500000">
   <element name="cristalyium_juices" layername="cristalyium_juices-6" frame="6" z_index="9" m_a="1.000000" m_b="0.000000" m_c="0.000000" m_d="1.000000" m_tx="0.000000" m_ty="0.000000"/>
  </frame>
  <frame idx="325" w="132" h="205" x="0.000000" y="-45.500000">
   <element name="cristalyium_juices" layername="cristalyium_juices-6" frame="6" z_index="9" m_a="1.000000" m_b="0.000000" m_c="0.000000" m_d="1.000000" m_tx="0.000000" m_ty="0.000000"/>
  </frame>
  <frame idx="350" w="132" h="205" x="0.000000" y="-45.500000">
   <element name="cristalyium_juices" layername="cristalyium_juices-6" frame="6" z_index="9" m_a="1.000000" m_b="0.000000" m_c="0.000000" m_d="1.000000" m_tx="0.000000" m_ty="0.000000"/>
  </frame>
  <frame idx="375" w="132" h="205" x="0.000000" y="-45.500000">
   <element name="cristalyium_juices" layername="cristalyium_juices-6" frame="6" z_index="9" m_a="1.000000" m_b="0.000000" m_c="0.000000" m_d="1.000000" m_tx="0.000000" m_ty="0.000000"/>
  </frame>
  <frame idx="400" w="132" h="205" x="0.000000" y="-45.500000">
   <element name="cristalyium_juices" layername="cristalyium_juices-6" frame="6" z_index="9" m_a="1.000000" m_b="0.000000" m_c="0.000000" m_d="1.000000" m_tx="0.000000" m_ty="0.000000"/>
  </frame>
  <frame idx="425" w="132" h="205" x="0.000000" y="-45.500000">
   <element name="cristalyium_juices" layername="cristalyium_juices-6" frame="6" z_index="9" m_a="1.000000" m_b="0.000000" m_c="0.000000" m_d="1.000000" m_tx="0.000000" m_ty="0.000000"/>
  </frame>
  <frame idx="450" w="132" h="205" x="0.000000" y="-45.500000">
   <element name="cristalyium_juices" layername="cristalyium_juices-6" frame="6" z_index="9" m_a="1.000000" m_b="0.000000" m_c="0.000000" m_d="1.000000" m_tx="0.000000" m_ty="0.000000"/>
  </frame>
  <frame idx="475" w="132" h="205" x="0.000000" y="-45.500000">
   <element name="cristalyium_juices" layername="cristalyium_juices-6" frame="6" z_index="9" m_a="1.000000" m_b="0.000000" m_c="0.000000" m_d="1.000000" m_tx="0.000000" m_ty="0.000000"/>
  </frame>
  <frame idx="500" w="132" h="205" x="0.000000" y="-45.500000">
   <element name="cristalyium_juices" layername="cristalyium_juices-6" frame="6" z_index="9" m_a="1.000000" m_b="0.000000" m_c="0.000000" m_d="1.000000" m_tx="0.000000" m_ty="0.000000"/>
  </frame>
  <frame idx="525" w="132" h="205" x="0.000000" y="-45.500000">
   <element name="cristalyium_juices" layername="cristalyium_juices-6" frame="6" z_index="9" m_a="1.000000" m_b="0.000000" m_c="0.000000" m_d="1.000000" m_tx="0.000000" m_ty="0.000000"/>
  </frame>
  <frame idx="550" w="132" h="205" x="0.000000" y="-45.500000">
   <element name="cristalyium_juices" layername="cristalyium_juices-6" frame="6" z_index="9" m_a="1.000000" m_b="0.000000" m_c="0.000000" m_d="1.000000" m_tx="0.000000" m_ty="0.000000"/>
  </frame>
  <frame idx="575" w="132" h="205" x="0.000000" y="-45.500000">
   <element name="cristalyium_juices" layername="cristalyium_juices-6" frame="6" z_index="9" m_a="1.000000" m_b="0.000000" m_c="0.000000" m_d="1.000000" m_tx="0.000000" m_ty="0.000000"/>
  </frame>
  <frame idx="600" w="132" h="205" x="0.000000" y="-45.500000">
   <element name="cristalyium_juices" layername="cristalyium_juices-6" frame="6" z_index="9" m_a="1.000000" m_b="0.000000" m_c="0.000000" m_d="1.000000" m_tx="0.000000" m_ty="0.000000"/>
  </frame>
  <frame idx="625" w="132" h="205" x="0.000000" y="-45.500000">
   <element name="cristalyium_juices" layername="cristalyium_juices-6" frame="6" z_index="9" m_a="1.000000" m_b="0.000000" m_c="0.000000" m_d="1.000000" m_tx="0.000000" m_ty="0.000000"/>
  </frame>
  <frame idx="650" w="132" h="205" x="0.000000" y="-45.500000">
   <element name="cristalyium_juices" layername="cristalyium_juices-6" frame="6" z_index="9" m_a="1.000000" m_b="0.000000" m_c="0.000000" m_d="1.000000" m_tx="0.000000" m_ty="0.000000"/>
  </frame>
  <frame idx="675" w="132" h="205" x="0.000000" y="-45.500000">
   <element name="cristalyium_juices" layername="cristalyium_juices-6" frame="6" z_index="9" m_a="1.000000" m_b="0.000000" m_c="0.000000" m_d="1.000000" m_tx="0.000000" m_ty="0.000000"/>
  </frame>
  <frame idx="700" w="132" h="205" x="0.000000" y="-45.500000">
   <element name="cristalyium_juices" layername="cristalyium_juices-6" frame="6" z_index="9" m_a="1.000000" m_b="0.000000" m_c="0.000000" m_d="1.000000" m_tx="0.000000" m_ty="0.000000"/>
  </frame>
  <frame idx="725" w="132" h="205" x="0.000000" y="-45.500000">
   <element name="cristalyium_juices" layername="cristalyium_juices-6" frame="6" z_index="9" m_a="1.000000" m_b="0.000000" m_c="0.000000" m_d="1.000000" m_tx="0.000000" m_ty="0.000000"/>
  </frame>
  <frame idx="750" w="132" h="205" x="0.000000" y="-45.500000">
   <element name="cristalyium_juices" layername="cristalyium_juices-6" frame="6" z_index="9" m_a="1.000000" m_b="0.000000" m_c="0.000000" m_d="1.000000" m_tx="0.000000" m_ty="0.000000"/>
  </frame>
  <frame idx="775" w="132" h="205" x="0.000000" y="-45.500000">
   <element name="cristalyium_juices" layername="cristalyium_juices-6" frame="6" z_index="9" m_a="1.000000" m_b="0.000000" m_c="0.000000" m_d="1.000000" m_tx="0.000000" m_ty="0.000000"/>
  </frame>
  <frame idx="800" w="132" h="205" x="0.000000" y="-45.500000">
   <element name="cristalyium_juices" layername="cristalyium_juices-6" frame="6" z_index="9" m_a="1.000000" m_b="0.000000" m_c="0.000000" m_d="1.000000" m_tx="0.000000" m_ty="0.000000"/>
  </frame>
  <frame idx="825" w="132" h="205" x="0.000000" y="-45.500000">
   <element name="cristalyium_juices" layername="cristalyium_juices-6" frame="6" z_index="9" m_a="1.000000" m_b="0.000000" m_c="0.000000" m_d="1.000000" m_tx="0.000000" m_ty="0.000000"/>
  </frame>
  <frame idx="850" w="132" h="205" x="0.000000" y="-45.500000">
   <element name="cristalyium_juices" layername="cristalyium_juices-6" frame="6" z_index="9" m_a="1.000000" m_b="0.000000" m_c="0.000000" m_d="1.000000" m_tx="0.000000" m_ty="0.000000"/>
  </frame>
  <frame idx="875" w="132" h="205" x="0.000000" y="-45.500000">
   <element name="cristalyium_juices" layername="cristalyium_juices-6" frame="6" z_index="9" m_a="1.000000" m_b="0.000000" m_c="0.000000" m_d="1.000000" m_tx="0.000000" m_ty="0.000000"/>
  </frame>
  <frame idx="900" w="132" h="205" x="0.000000" y="-45.500000">
   <element name="cristalyium_juices" layername="cristalyium_juices-6" frame="6" z_index="9" m_a="1.000000" m_b="0.000000" m_c="0.000000" m_d="1.000000" m_tx="0.000000" m_ty="0.000000"/>
  </frame>
  <frame idx="925" w="132" h="205" x="0.000000" y="-45.500000">
   <element name="cristalyium_juices" layername="cristalyium_juices-6" frame="6" z_index="9" m_a="1.000000" m_b="0.000000" m_c="0.000000" m_d="1.000000" m_tx="0.000000" m_ty="0.000000"/>
  </frame>
  <frame idx="950" w="132" h="205" x="0.000000" y="-45.500000">
   <element name="cristalyium_juices" layername="cristalyium_juices-6" frame="6" z_index="9" m_a="1.000000" m_b="0.000000" m_c="0.000000" m_d="1.000000" m_tx="0.000000" m_ty="0.000000"/>
  </frame>
  <frame idx="975" w="132" h="205" x="0.000000" y="-45.500000">
   <element name="cristalyium_juices" layername="cristalyium_juices-6" frame="6" z_index="9" m_a="1.000000" m_b="0.000000" m_c="0.000000" m_d="1.000000" m_tx="0.000000" m_ty="0.000000"/>
  </frame>
 </anim>
 <anim name="idle" root="purpulium_juice" numframes="1000" framerate="40">
  <frame idx="0" w="132" h="205" x="0.000000" y="-45.500000">
   <element name="cristalyium_juices" layername="cristalyium_juices-7" frame="7" z_index="9" m_a="1.000000" m_b="0.000000" m_c="0.000000" m_d="1.000000" m_tx="0.000000" m_ty="0.000000"/>
  </frame>
  <frame idx="25" w="132" h="205" x="0.000000" y="-45.500000">
   <element name="cristalyium_juices" layername="cristalyium_juices-7" frame="7" z_index="9" m_a="1.000000" m_b="0.000000" m_c="0.000000" m_d="1.000000" m_tx="0.000000" m_ty="0.000000"/>
  </frame>
  <frame idx="50" w="132" h="205" x="0.000000" y="-45.500000">
   <element name="cristalyium_juices" layername="cristalyium_juices-7" frame="7" z_index="9" m_a="1.000000" m_b="0.000000" m_c="0.000000" m_d="1.000000" m_tx="0.000000" m_ty="0.000000"/>
  </frame>
  <frame idx="75" w="132" h="205" x="0.000000" y="-45.500000">
   <element name="cristalyium_juices" layername="cristalyium_juices-7" frame="7" z_index="9" m_a="1.000000" m_b="0.000000" m_c="0.000000" m_d="1.000000" m_tx="0.000000" m_ty="0.000000"/>
  </frame>
  <frame idx="100" w="132" h="205" x="0.000000" y="-45.500000">
   <element name="cristalyium_juices" layername="cristalyium_juices-7" frame="7" z_index="9" m_a="1.000000" m_b="0.000000" m_c="0.000000" m_d="1.000000" m_tx="0.000000" m_ty="0.000000"/>
  </frame>
  <frame idx="125" w="132" h="205" x="0.000000" y="-45.500000">
   <element name="cristalyium_juices" layername="cristalyium_juices-7" frame="7" z_index="9" m_a="1.000000" m_b="0.000000" m_c="0.000000" m_d="1.000000" m_tx="0.000000" m_ty="0.000000"/>
  </frame>
  <frame idx="150" w="132" h="205" x="0.000000" y="-45.500000">
   <element name="cristalyium_juices" layername="cristalyium_juices-7" frame="7" z_index="9" m_a="1.000000" m_b="0.000000" m_c="0.000000" m_d="1.000000" m_tx="0.000000" m_ty="0.000000"/>
  </frame>
  <frame idx="175" w="132" h="205" x="0.000000" y="-45.500000">
   <element name="cristalyium_juices" layername="cristalyium_juices-7" frame="7" z_index="9" m_a="1.000000" m_b="0.000000" m_c="0.000000" m_d="1.000000" m_tx="0.000000" m_ty="0.000000"/>
  </frame>
  <frame idx="200" w="132" h="205" x="0.000000" y="-45.500000">
   <element name="cristalyium_juices" layername="cristalyium_juices-7" frame="7" z_index="9" m_a="1.000000" m_b="0.000000" m_c="0.000000" m_d="1.000000" m_tx="0.000000" m_ty="0.000000"/>
  </frame>
  <frame idx="225" w="132" h="205" x="0.000000" y="-45.500000">
   <element name="cristalyium_juices" layername="cristalyium_juices-7" frame="7" z_index="9" m_a="1.000000" m_b="0.000000" m_c="0.000000" m_d="1.000000" m_tx="0.000000" m_ty="0.000000"/>
  </frame>
  <frame idx="250" w="132" h="205" x="0.000000" y="-45.500000">
   <element name="cristalyium_juices" layername="cristalyium_juices-7" frame="7" z_index="9" m_a="1.000000" m_b="0.000000" m_c="0.000000" m_d="1.000000" m_tx="0.000000" m_ty="0.000000"/>
  </frame>
  <frame idx="275" w="132" h="205" x="0.000000" y="-45.500000">
   <element name="cristalyium_juices" layername="cristalyium_juices-7" frame="7" z_index="9" m_a="1.000000" m_b="0.000000" m_c="0.000000" m_d="1.000000" m_tx="0.000000" m_ty="0.000000"/>
  </frame>
  <frame idx="300" w="132" h="205" x="0.000000" y="-45.500000">
   <element name="cristalyium_juices" layername="cristalyium_juices-7" frame="7" z_index="9" m_a="1.000000" m_b="0.000000" m_c="0.000000" m_d="1.000000" m_tx="0.000000" m_ty="0.000000"/>
  </frame>
  <frame idx="325" w="132" h="205" x="0.000000" y="-45.500000">
   <element name="cristalyium_juices" layername="cristalyium_juices-7" frame="7" z_index="9" m_a="1.000000" m_b="0.000000" m_c="0.000000" m_d="1.000000" m_tx="0.000000" m_ty="0.000000"/>
  </frame>
  <frame idx="350" w="132" h="205" x="0.000000" y="-45.500000">
   <element name="cristalyium_juices" layername="cristalyium_juices-7" frame="7" z_index="9" m_a="1.000000" m_b="0.000000" m_c="0.000000" m_d="1.000000" m_tx="0.000000" m_ty="0.000000"/>
  </frame>
  <frame idx="375" w="132" h="205" x="0.000000" y="-45.500000">
   <element name="cristalyium_juices" layername="cristalyium_juices-7" frame="7" z_index="9" m_a="1.000000" m_b="0.000000" m_c="0.000000" m_d="1.000000" m_tx="0.000000" m_ty="0.000000"/>
  </frame>
  <frame idx="400" w="132" h="205" x="0.000000" y="-45.500000">
   <element name="cristalyium_juices" layername="cristalyium_juices-7" frame="7" z_index="9" m_a="1.000000" m_b="0.000000" m_c="0.000000" m_d="1.000000" m_tx="0.000000" m_ty="0.000000"/>
  </frame>
  <frame idx="425" w="132" h="205" x="0.000000" y="-45.500000">
   <element name="cristalyium_juices" layername="cristalyium_juices-7" frame="7" z_index="9" m_a="1.000000" m_b="0.000000" m_c="0.000000" m_d="1.000000" m_tx="0.000000" m_ty="0.000000"/>
  </frame>
  <frame idx="450" w="132" h="205" x="0.000000" y="-45.500000">
   <element name="cristalyium_juices" layername="cristalyium_juices-7" frame="7" z_index="9" m_a="1.000000" m_b="0.000000" m_c="0.000000" m_d="1.000000" m_tx="0.000000" m_ty="0.000000"/>
  </frame>
  <frame idx="475" w="132" h="205" x="0.000000" y="-45.500000">
   <element name="cristalyium_juices" layername="cristalyium_juices-7" frame="7" z_index="9" m_a="1.000000" m_b="0.000000" m_c="0.000000" m_d="1.000000" m_tx="0.000000" m_ty="0.000000"/>
  </frame>
  <frame idx="500" w="132" h="205" x="0.000000" y="-45.500000">
   <element name="cristalyium_juices" layername="cristalyium_juices-7" frame="7" z_index="9" m_a="1.000000" m_b="0.000000" m_c="0.000000" m_d="1.000000" m_tx="0.000000" m_ty="0.000000"/>
  </frame>
  <frame idx="525" w="132" h="205" x="0.000000" y="-45.500000">
   <element name="cristalyium_juices" layername="cristalyium_juices-7" frame="7" z_index="9" m_a="1.000000" m_b="0.000000" m_c="0.000000" m_d="1.000000" m_tx="0.000000" m_ty="0.000000"/>
  </frame>
  <frame idx="550" w="132" h="205" x="0.000000" y="-45.500000">
   <element name="cristalyium_juices" layername="cristalyium_juices-7" frame="7" z_index="9" m_a="1.000000" m_b="0.000000" m_c="0.000000" m_d="1.000000" m_tx="0.000000" m_ty="0.000000"/>
  </frame>
  <frame idx="575" w="132" h="205" x="0.000000" y="-45.500000">
   <element name="cristalyium_juices" layername="cristalyium_juices-7" frame="7" z_index="9" m_a="1.000000" m_b="0.000000" m_c="0.000000" m_d="1.000000" m_tx="0.000000" m_ty="0.000000"/>
  </frame>
  <frame idx="600" w="132" h="205" x="0.000000" y="-45.500000">
   <element name="cristalyium_juices" layername="cristalyium_juices-7" frame="7" z_index="9" m_a="1.000000" m_b="0.000000" m_c="0.000000" m_d="1.000000" m_tx="0.000000" m_ty="0.000000"/>
  </frame>
  <frame idx="625" w="132" h="205" x="0.000000" y="-45.500000">
   <element name="cristalyium_juices" layername="cristalyium_juices-7" frame="7" z_index="9" m_a="1.000000" m_b="0.000000" m_c="0.000000" m_d="1.000000" m_tx="0.000000" m_ty="0.000000"/>
  </frame>
  <frame idx="650" w="132" h="205" x="0.000000" y="-45.500000">
   <element name="cristalyium_juices" layername="cristalyium_juices-7" frame="7" z_index="9" m_a="1.000000" m_b="0.000000" m_c="0.000000" m_d="1.000000" m_tx="0.000000" m_ty="0.000000"/>
  </frame>
  <frame idx="675" w="132" h="205" x="0.000000" y="-45.500000">
   <element name="cristalyium_juices" layername="cristalyium_juices-7" frame="7" z_index="9" m_a="1.000000" m_b="0.000000" m_c="0.000000" m_d="1.000000" m_tx="0.000000" m_ty="0.000000"/>
  </frame>
  <frame idx="700" w="132" h="205" x="0.000000" y="-45.500000">
   <element name="cristalyium_juices" layername="cristalyium_juices-7" frame="7" z_index="9" m_a="1.000000" m_b="0.000000" m_c="0.000000" m_d="1.000000" m_tx="0.000000" m_ty="0.000000"/>
  </frame>
  <frame idx="725" w="132" h="205" x="0.000000" y="-45.500000">
   <element name="cristalyium_juices" layername="cristalyium_juices-7" frame="7" z_index="9" m_a="1.000000" m_b="0.000000" m_c="0.000000" m_d="1.000000" m_tx="0.000000" m_ty="0.000000"/>
  </frame>
  <frame idx="750" w="132" h="205" x="0.000000" y="-45.500000">
   <element name="cristalyium_juices" layername="cristalyium_juices-7" frame="7" z_index="9" m_a="1.000000" m_b="0.000000" m_c="0.000000" m_d="1.000000" m_tx="0.000000" m_ty="0.000000"/>
  </frame>
  <frame idx="775" w="132" h="205" x="0.000000" y="-45.500000">
   <element name="cristalyium_juices" layername="cristalyium_juices-7" frame="7" z_index="9" m_a="1.000000" m_b="0.000000" m_c="0.000000" m_d="1.000000" m_tx="0.000000" m_ty="0.000000"/>
  </frame>
  <frame idx="800" w="132" h="205" x="0.000000" y="-45.500000">
   <element name="cristalyium_juices" layername="cristalyium_juices-7" frame="7" z_index="9" m_a="1.000000" m_b="0.000000" m_c="0.000000" m_d="1.000000" m_tx="0.000000" m_ty="0.000000"/>
  </frame>
  <frame idx="825" w="132" h="205" x="0.000000" y="-45.500000">
   <element name="cristalyium_juices" layername="cristalyium_juices-7" frame="7" z_index="9" m_a="1.000000" m_b="0.000000" m_c="0.000000" m_d="1.000000" m_tx="0.000000" m_ty="0.000000"/>
  </frame>
  <frame idx="850" w="132" h="205" x="0.000000" y="-45.500000">
   <element name="cristalyium_juices" layername="cristalyium_juices-7" frame="7" z_index="9" m_a="1.000000" m_b="0.000000" m_c="0.000000" m_d="1.000000" m_tx="0.000000" m_ty="0.000000"/>
  </frame>
  <frame idx="875" w="132" h="205" x="0.000000" y="-45.500000">
   <element name="cristalyium_juices" layername="cristalyium_juices-7" frame="7" z_index="9" m_a="1.000000" m_b="0.000000" m_c="0.000000" m_d="1.000000" m_tx="0.000000" m_ty="0.000000"/>
  </frame>
  <frame idx="900" w="132" h="205" x="0.000000" y="-45.500000">
   <element name="cristalyium_juices" layername="cristalyium_juices-7" frame="7" z_index="9" m_a="1.000000" m_b="0.000000" m_c="0.000000" m_d="1.000000" m_tx="0.000000" m_ty="0.000000"/>
  </frame>
  <frame idx="925" w="132" h="205" x="0.000000" y="-45.500000">
   <element name="cristalyium_juices" layername="cristalyium_juices-7" frame="7" z_index="9" m_a="1.000000" m_b="0.000000" m_c="0.000000" m_d="1.000000" m_tx="0.000000" m_ty="0.000000"/>
  </frame>
  <frame idx="950" w="132" h="205" x="0.000000" y="-45.500000">
   <element name="cristalyium_juices" layername="cristalyium_juices-7" frame="7" z_index="9" m_a="1.000000" m_b="0.000000" m_c="0.000000" m_d="1.000000" m_tx="0.000000" m_ty="0.000000"/>
  </frame>
  <frame idx="975" w="132" h="205" x="0.000000" y="-45.500000">
   <element name="cristalyium_juices" layername="cristalyium_juices-7" frame="7" z_index="9" m_a="1.000000" m_b="0.000000" m_c="0.000000" m_d="1.000000" m_tx="0.000000" m_ty="0.000000"/>
  </frame>
 </anim>
 <anim name="idle" root="magente_juice" numframes="1000" framerate="40">
  <frame idx="0" w="132" h="205" x="0.000000" y="-45.500000">
   <element name="cristalyium_juices" layername="cristalyium_juices-8" frame="8" z_index="9" m_a="1.000000" m_b="0.000000" m_c="0.000000" m_d="1.000000" m_tx="0.000000" m_ty="0.000000"/>
  </frame>
  <frame idx="25" w="132" h="205" x="0.000000" y="-45.500000">
   <element name="cristalyium_juices" layername="cristalyium_juices-8" frame="8" z_index="9" m_a="1.000000" m_b="0.000000" m_c="0.000000" m_d="1.000000" m_tx="0.000000" m_ty="0.000000"/>
  </frame>
  <frame idx="50" w="132" h="205" x="0.000000" y="-45.500000">
   <element name="cristalyium_juices" layername="cristalyium_juices-8" frame="8" z_index="9" m_a="1.000000" m_b="0.000000" m_c="0.000000" m_d="1.000000" m_tx="0.000000" m_ty="0.000000"/>
  </frame>
  <frame idx="75" w="132" h="205" x="0.000000" y="-45.500000">
   <element name="cristalyium_juices" layername="cristalyium_juices-8" frame="8" z_index="9" m_a="1.000000" m_b="0.000000" m_c="0.000000" m_d="1.000000" m_tx="0.000000" m_ty="0.000000"/>
  </frame>
  <frame idx="100" w="132" h="205" x="0.000000" y="-45.500000">
   <element name="cristalyium_juices" layername="cristalyium_juices-8" frame="8" z_index="9" m_a="1.000000" m_b="0.000000" m_c="0.000000" m_d="1.000000" m_tx="0.000000" m_ty="0.000000"/>
  </frame>
  <frame idx="125" w="132" h="205" x="0.000000" y="-45.500000">
   <element name="cristalyium_juices" layername="cristalyium_juices-8" frame="8" z_index="9" m_a="1.000000" m_b="0.000000" m_c="0.000000" m_d="1.000000" m_tx="0.000000" m_ty="0.000000"/>
  </frame>
  <frame idx="150" w="132" h="205" x="0.000000" y="-45.500000">
   <element name="cristalyium_juices" layername="cristalyium_juices-8" frame="8" z_index="9" m_a="1.000000" m_b="0.000000" m_c="0.000000" m_d="1.000000" m_tx="0.000000" m_ty="0.000000"/>
  </frame>
  <frame idx="175" w="132" h="205" x="0.000000" y="-45.500000">
   <element name="cristalyium_juices" layername="cristalyium_juices-8" frame="8" z_index="9" m_a="1.000000" m_b="0.000000" m_c="0.000000" m_d="1.000000" m_tx="0.000000" m_ty="0.000000"/>
  </frame>
  <frame idx="200" w="132" h="205" x="0.000000" y="-45.500000">
   <element name="cristalyium_juices" layername="cristalyium_juices-8" frame="8" z_index="9" m_a="1.000000" m_b="0.000000" m_c="0.000000" m_d="1.000000" m_tx="0.000000" m_ty="0.000000"/>
  </frame>
  <frame idx="225" w="132" h="205" x="0.000000" y="-45.500000">
   <element name="cristalyium_juices" layername="cristalyium_juices-8" frame="8" z_index="9" m_a="1.000000" m_b="0.000000" m_c="0.000000" m_d="1.000000" m_tx="0.000000" m_ty="0.000000"/>
  </frame>
  <frame idx="250" w="132" h="205" x="0.000000" y="-45.500000">
   <element name="cristalyium_juices" layername="cristalyium_juices-8" frame="8" z_index="9" m_a="1.000000" m_b="0.000000" m_c="0.000000" m_d="1.000000" m_tx="0.000000" m_ty="0.000000"/>
  </frame>
  <frame idx="275" w="132" h="205" x="0.000000" y="-45.500000">
   <element name="cristalyium_juices" layername="cristalyium_juices-8" frame="8" z_index="9" m_a="1.000000" m_b="0.000000" m_c="0.000000" m_d="1.000000" m_tx="0.000000" m_ty="0.000000"/>
  </frame>
  <frame idx="300" w="132" h="205" x="0.000000" y="-45.500000">
   <element name="cristalyium_juices" layername="cristalyium_juices-8" frame="8" z_index="9" m_a="1.000000" m_b="0.000000" m_c="0.000000" m_d="1.000000" m_tx="0.000000" m_ty="0.000000"/>
  </frame>
  <frame idx="325" w="132" h="205" x="0.000000" y="-45.500000">
   <element name="cristalyium_juices" layername="cristalyium_juices-8" frame="8" z_index="9" m_a="1.000000" m_b="0.000000" m_c="0.000000" m_d="1.000000" m_tx="0.000000" m_ty="0.000000"/>
  </frame>
  <frame idx="350" w="132" h="205" x="0.000000" y="-45.500000">
   <element name="cristalyium_juices" layername="cristalyium_juices-8" frame="8" z_index="9" m_a="1.000000" m_b="0.000000" m_c="0.000000" m_d="1.000000" m_tx="0.000000" m_ty="0.000000"/>
  </frame>
  <frame idx="375" w="132" h="205" x="0.000000" y="-45.500000">
   <element name="cristalyium_juices" layername="cristalyium_juices-8" frame="8" z_index="9" m_a="1.000000" m_b="0.000000" m_c="0.000000" m_d="1.000000" m_tx="0.000000" m_ty="0.000000"/>
  </frame>
  <frame idx="400" w="132" h="205" x="0.000000" y="-45.500000">
   <element name="cristalyium_juices" layername="cristalyium_juices-8" frame="8" z_index="9" m_a="1.000000" m_b="0.000000" m_c="0.000000" m_d="1.000000" m_tx="0.000000" m_ty="0.000000"/>
  </frame>
  <frame idx="425" w="132" h="205" x="0.000000" y="-45.500000">
   <element name="cristalyium_juices" layername="cristalyium_juices-8" frame="8" z_index="9" m_a="1.000000" m_b="0.000000" m_c="0.000000" m_d="1.000000" m_tx="0.000000" m_ty="0.000000"/>
  </frame>
  <frame idx="450" w="132" h="205" x="0.000000" y="-45.500000">
   <element name="cristalyium_juices" layername="cristalyium_juices-8" frame="8" z_index="9" m_a="1.000000" m_b="0.000000" m_c="0.000000" m_d="1.000000" m_tx="0.000000" m_ty="0.000000"/>
  </frame>
  <frame idx="475" w="132" h="205" x="0.000000" y="-45.500000">
   <element name="cristalyium_juices" layername="cristalyium_juices-8" frame="8" z_index="9" m_a="1.000000" m_b="0.000000" m_c="0.000000" m_d="1.000000" m_tx="0.000000" m_ty="0.000000"/>
  </frame>
  <frame idx="500" w="132" h="205" x="0.000000" y="-45.500000">
   <element name="cristalyium_juices" layername="cristalyium_juices-8" frame="8" z_index="9" m_a="1.000000" m_b="0.000000" m_c="0.000000" m_d="1.000000" m_tx="0.000000" m_ty="0.000000"/>
  </frame>
  <frame idx="525" w="132" h="205" x="0.000000" y="-45.500000">
   <element name="cristalyium_juices" layername="cristalyium_juices-8" frame="8" z_index="9" m_a="1.000000" m_b="0.000000" m_c="0.000000" m_d="1.000000" m_tx="0.000000" m_ty="0.000000"/>
  </frame>
  <frame idx="550" w="132" h="205" x="0.000000" y="-45.500000">
   <element name="cristalyium_juices" layername="cristalyium_juices-8" frame="8" z_index="9" m_a="1.000000" m_b="0.000000" m_c="0.000000" m_d="1.000000" m_tx="0.000000" m_ty="0.000000"/>
  </frame>
  <frame idx="575" w="132" h="205" x="0.000000" y="-45.500000">
   <element name="cristalyium_juices" layername="cristalyium_juices-8" frame="8" z_index="9" m_a="1.000000" m_b="0.000000" m_c="0.000000" m_d="1.000000" m_tx="0.000000" m_ty="0.000000"/>
  </frame>
  <frame idx="600" w="132" h="205" x="0.000000" y="-45.500000">
   <element name="cristalyium_juices" layername="cristalyium_juices-8" frame="8" z_index="9" m_a="1.000000" m_b="0.000000" m_c="0.000000" m_d="1.000000" m_tx="0.000000" m_ty="0.000000"/>
  </frame>
  <frame idx="625" w="132" h="205" x="0.000000" y="-45.500000">
   <element name="cristalyium_juices" layername="cristalyium_juices-8" frame="8" z_index="9" m_a="1.000000" m_b="0.000000" m_c="0.000000" m_d="1.000000" m_tx="0.000000" m_ty="0.000000"/>
  </frame>
  <frame idx="650" w="132" h="205" x="0.000000" y="-45.500000">
   <element name="cristalyium_juices" layername="cristalyium_juices-8" frame="8" z_index="9" m_a="1.000000" m_b="0.000000" m_c="0.000000" m_d="1.000000" m_tx="0.000000" m_ty="0.000000"/>
  </frame>
  <frame idx="675" w="132" h="205" x="0.000000" y="-45.500000">
   <element name="cristalyium_juices" layername="cristalyium_juices-8" frame="8" z_index="9" m_a="1.000000" m_b="0.000000" m_c="0.000000" m_d="1.000000" m_tx="0.000000" m_ty="0.000000"/>
  </frame>
  <frame idx="700" w="132" h="205" x="0.000000" y="-45.500000">
   <element name="cristalyium_juices" layername="cristalyium_juices-8" frame="8" z_index="9" m_a="1.000000" m_b="0.000000" m_c="0.000000" m_d="1.000000" m_tx="0.000000" m_ty="0.000000"/>
  </frame>
  <frame idx="725" w="132" h="205" x="0.000000" y="-45.500000">
   <element name="cristalyium_juices" layername="cristalyium_juices-8" frame="8" z_index="9" m_a="1.000000" m_b="0.000000" m_c="0.000000" m_d="1.000000" m_tx="0.000000" m_ty="0.000000"/>
  </frame>
  <frame idx="750" w="132" h="205" x="0.000000" y="-45.500000">
   <element name="cristalyium_juices" layername="cristalyium_juices-8" frame="8" z_index="9" m_a="1.000000" m_b="0.000000" m_c="0.000000" m_d="1.000000" m_tx="0.000000" m_ty="0.000000"/>
  </frame>
  <frame idx="775" w="132" h="205" x="0.000000" y="-45.500000">
   <element name="cristalyium_juices" layername="cristalyium_juices-8" frame="8" z_index="9" m_a="1.000000" m_b="0.000000" m_c="0.000000" m_d="1.000000" m_tx="0.000000" m_ty="0.000000"/>
  </frame>
  <frame idx="800" w="132" h="205" x="0.000000" y="-45.500000">
   <element name="cristalyium_juices" layername="cristalyium_juices-8" frame="8" z_index="9" m_a="1.000000" m_b="0.000000" m_c="0.000000" m_d="1.000000" m_tx="0.000000" m_ty="0.000000"/>
  </frame>
  <frame idx="825" w="132" h="205" x="0.000000" y="-45.500000">
   <element name="cristalyium_juices" layername="cristalyium_juices-8" frame="8" z_index="9" m_a="1.000000" m_b="0.000000" m_c="0.000000" m_d="1.000000" m_tx="0.000000" m_ty="0.000000"/>
  </frame>
  <frame idx="850" w="132" h="205" x="0.000000" y="-45.500000">
   <element name="cristalyium_juices" layername="cristalyium_juices-8" frame="8" z_index="9" m_a="1.000000" m_b="0.000000" m_c="0.000000" m_d="1.000000" m_tx="0.000000" m_ty="0.000000"/>
  </frame>
  <frame idx="875" w="132" h="205" x="0.000000" y="-45.500000">
   <element name="cristalyium_juices" layername="cristalyium_juices-8" frame="8" z_index="9" m_a="1.000000" m_b="0.000000" m_c="0.000000" m_d="1.000000" m_tx="0.000000" m_ty="0.000000"/>
  </frame>
  <frame idx="900" w="132" h="205" x="0.000000" y="-45.500000">
   <element name="cristalyium_juices" layername="cristalyium_juices-8" frame="8" z_index="9" m_a="1.000000" m_b="0.000000" m_c="0.000000" m_d="1.000000" m_tx="0.000000" m_ty="0.000000"/>
  </frame>
  <frame idx="925" w="132" h="205" x="0.000000" y="-45.500000">
   <element name="cristalyium_juices" layername="cristalyium_juices-8" frame="8" z_index="9" m_a="1.000000" m_b="0.000000" m_c="0.000000" m_d="1.000000" m_tx="0.000000" m_ty="0.000000"/>
  </frame>
  <frame idx="950" w="132" h="205" x="0.000000" y="-45.500000">
   <element name="cristalyium_juices" layername="cristalyium_juices-8" frame="8" z_index="9" m_a="1.000000" m_b="0.000000" m_c="0.000000" m_d="1.000000" m_tx="0.000000" m_ty="0.000000"/>
  </frame>
  <frame idx="975" w="132" h="205" x="0.000000" y="-45.500000">
   <element name="cristalyium_juices" layername="cristalyium_juices-8" frame="8" z_index="9" m_a="1.000000" m_b="0.000000" m_c="0.000000" m_d="1.000000" m_tx="0.000000" m_ty="0.000000"/>
  </frame>
 </anim>
</Anims>
