<Anims>
 <anim name="idle_0" root="raw_cristalyium" numframes="1000" framerate="40">
  <frame idx="0" w="170" h="136" x="0.000000" y="-13.625000">
   <element name="raw_cristalyium" layername="raw_cristalyium" frame="0" z_index="4" m_a="1.000000" m_b="0.000000" m_c="0.000000" m_d="1.000000" m_tx="0.000000" m_ty="0.000000"/>
  </frame>
  <frame idx="25" w="170" h="136" x="0.000000" y="-13.625000">
   <element name="raw_cristalyium" layername="raw_cristalyium" frame="0" z_index="4" m_a="1.000000" m_b="0.000000" m_c="0.000000" m_d="1.000000" m_tx="0.000000" m_ty="0.000000"/>
  </frame>
  <frame idx="50" w="170" h="136" x="0.000000" y="-13.625000">
   <element name="raw_cristalyium" layername="raw_cristalyium" frame="0" z_index="4" m_a="1.000000" m_b="0.000000" m_c="0.000000" m_d="1.000000" m_tx="0.000000" m_ty="0.000000"/>
  </frame>
  <frame idx="75" w="170" h="136" x="0.000000" y="-13.625000">
   <element name="raw_cristalyium" layername="raw_cristalyium" frame="0" z_index="4" m_a="1.000000" m_b="0.000000" m_c="0.000000" m_d="1.000000" m_tx="0.000000" m_ty="0.000000"/>
  </frame>
  <frame idx="100" w="170" h="136" x="0.000000" y="-13.625000">
   <element name="raw_cristalyium" layername="raw_cristalyium" frame="0" z_index="4" m_a="1.000000" m_b="0.000000" m_c="0.000000" m_d="1.000000" m_tx="0.000000" m_ty="0.000000"/>
  </frame>
  <frame idx="125" w="170" h="136" x="0.000000" y="-13.625000">
   <element name="raw_cristalyium" layername="raw_cristalyium" frame="0" z_index="4" m_a="1.000000" m_b="0.000000" m_c="0.000000" m_d="1.000000" m_tx="0.000000" m_ty="0.000000"/>
  </frame>
  <frame idx="150" w="170" h="136" x="0.000000" y="-13.625000">
   <element name="raw_cristalyium" layername="raw_cristalyium" frame="0" z_index="4" m_a="1.000000" m_b="0.000000" m_c="0.000000" m_d="1.000000" m_tx="0.000000" m_ty="0.000000"/>
  </frame>
  <frame idx="175" w="170" h="136" x="0.000000" y="-13.625000">
   <element name="raw_cristalyium" layername="raw_cristalyium" frame="0" z_index="4" m_a="1.000000" m_b="0.000000" m_c="0.000000" m_d="1.000000" m_tx="0.000000" m_ty="0.000000"/>
  </frame>
  <frame idx="200" w="170" h="136" x="0.000000" y="-13.625000">
   <element name="raw_cristalyium" layername="raw_cristalyium" frame="0" z_index="4" m_a="1.000000" m_b="0.000000" m_c="0.000000" m_d="1.000000" m_tx="0.000000" m_ty="0.000000"/>
  </frame>
  <frame idx="225" w="170" h="136" x="0.000000" y="-13.625000">
   <element name="raw_cristalyium" layername="raw_cristalyium" frame="0" z_index="4" m_a="1.000000" m_b="0.000000" m_c="0.000000" m_d="1.000000" m_tx="0.000000" m_ty="0.000000"/>
  </frame>
  <frame idx="250" w="170" h="136" x="0.000000" y="-13.625000">
   <element name="raw_cristalyium" layername="raw_cristalyium" frame="0" z_index="4" m_a="1.000000" m_b="0.000000" m_c="0.000000" m_d="1.000000" m_tx="0.000000" m_ty="0.000000"/>
  </frame>
  <frame idx="275" w="170" h="136" x="0.000000" y="-13.625000">
   <element name="raw_cristalyium" layername="raw_cristalyium" frame="0" z_index="4" m_a="1.000000" m_b="0.000000" m_c="0.000000" m_d="1.000000" m_tx="0.000000" m_ty="0.000000"/>
  </frame>
  <frame idx="300" w="170" h="136" x="0.000000" y="-13.625000">
   <element name="raw_cristalyium" layername="raw_cristalyium" frame="0" z_index="4" m_a="1.000000" m_b="0.000000" m_c="0.000000" m_d="1.000000" m_tx="0.000000" m_ty="0.000000"/>
  </frame>
  <frame idx="325" w="170" h="136" x="0.000000" y="-13.625000">
   <element name="raw_cristalyium" layername="raw_cristalyium" frame="0" z_index="4" m_a="1.000000" m_b="0.000000" m_c="0.000000" m_d="1.000000" m_tx="0.000000" m_ty="0.000000"/>
  </frame>
  <frame idx="350" w="170" h="136" x="0.000000" y="-13.625000">
   <element name="raw_cristalyium" layername="raw_cristalyium" frame="0" z_index="4" m_a="1.000000" m_b="0.000000" m_c="0.000000" m_d="1.000000" m_tx="0.000000" m_ty="0.000000"/>
  </frame>
  <frame idx="375" w="170" h="136" x="0.000000" y="-13.625000">
   <element name="raw_cristalyium" layername="raw_cristalyium" frame="0" z_index="4" m_a="1.000000" m_b="0.000000" m_c="0.000000" m_d="1.000000" m_tx="0.000000" m_ty="0.000000"/>
  </frame>
  <frame idx="400" w="170" h="136" x="0.000000" y="-13.625000">
   <element name="raw_cristalyium" layername="raw_cristalyium" frame="0" z_index="4" m_a="1.000000" m_b="0.000000" m_c="0.000000" m_d="1.000000" m_tx="0.000000" m_ty="0.000000"/>
  </frame>
  <frame idx="425" w="170" h="136" x="0.000000" y="-13.625000">
   <element name="raw_cristalyium" layername="raw_cristalyium" frame="0" z_index="4" m_a="1.000000" m_b="0.000000" m_c="0.000000" m_d="1.000000" m_tx="0.000000" m_ty="0.000000"/>
  </frame>
  <frame idx="450" w="170" h="136" x="0.000000" y="-13.625000">
   <element name="raw_cristalyium" layername="raw_cristalyium" frame="0" z_index="4" m_a="1.000000" m_b="0.000000" m_c="0.000000" m_d="1.000000" m_tx="0.000000" m_ty="0.000000"/>
  </frame>
  <frame idx="475" w="170" h="136" x="0.000000" y="-13.625000">
   <element name="raw_cristalyium" layername="raw_cristalyium" frame="0" z_index="4" m_a="1.000000" m_b="0.000000" m_c="0.000000" m_d="1.000000" m_tx="0.000000" m_ty="0.000000"/>
  </frame>
  <frame idx="500" w="170" h="136" x="0.000000" y="-13.625000">
   <element name="raw_cristalyium" layername="raw_cristalyium" frame="0" z_index="4" m_a="1.000000" m_b="0.000000" m_c="0.000000" m_d="1.000000" m_tx="0.000000" m_ty="0.000000"/>
  </frame>
  <frame idx="525" w="170" h="136" x="0.000000" y="-13.625000">
   <element name="raw_cristalyium" layername="raw_cristalyium" frame="0" z_index="4" m_a="1.000000" m_b="0.000000" m_c="0.000000" m_d="1.000000" m_tx="0.000000" m_ty="0.000000"/>
  </frame>
  <frame idx="550" w="170" h="136" x="0.000000" y="-13.625000">
   <element name="raw_cristalyium" layername="raw_cristalyium" frame="0" z_index="4" m_a="1.000000" m_b="0.000000" m_c="0.000000" m_d="1.000000" m_tx="0.000000" m_ty="0.000000"/>
  </frame>
  <frame idx="575" w="170" h="136" x="0.000000" y="-13.625000">
   <element name="raw_cristalyium" layername="raw_cristalyium" frame="0" z_index="4" m_a="1.000000" m_b="0.000000" m_c="0.000000" m_d="1.000000" m_tx="0.000000" m_ty="0.000000"/>
  </frame>
  <frame idx="600" w="170" h="136" x="0.000000" y="-13.625000">
   <element name="raw_cristalyium" layername="raw_cristalyium" frame="0" z_index="4" m_a="1.000000" m_b="0.000000" m_c="0.000000" m_d="1.000000" m_tx="0.000000" m_ty="0.000000"/>
  </frame>
  <frame idx="625" w="170" h="136" x="0.000000" y="-13.625000">
   <element name="raw_cristalyium" layername="raw_cristalyium" frame="0" z_index="4" m_a="1.000000" m_b="0.000000" m_c="0.000000" m_d="1.000000" m_tx="0.000000" m_ty="0.000000"/>
  </frame>
  <frame idx="650" w="170" h="136" x="0.000000" y="-13.625000">
   <element name="raw_cristalyium" layername="raw_cristalyium" frame="0" z_index="4" m_a="1.000000" m_b="0.000000" m_c="0.000000" m_d="1.000000" m_tx="0.000000" m_ty="0.000000"/>
  </frame>
  <frame idx="675" w="170" h="136" x="0.000000" y="-13.625000">
   <element name="raw_cristalyium" layername="raw_cristalyium" frame="0" z_index="4" m_a="1.000000" m_b="0.000000" m_c="0.000000" m_d="1.000000" m_tx="0.000000" m_ty="0.000000"/>
  </frame>
  <frame idx="700" w="170" h="136" x="0.000000" y="-13.625000">
   <element name="raw_cristalyium" layername="raw_cristalyium" frame="0" z_index="4" m_a="1.000000" m_b="0.000000" m_c="0.000000" m_d="1.000000" m_tx="0.000000" m_ty="0.000000"/>
  </frame>
  <frame idx="725" w="170" h="136" x="0.000000" y="-13.625000">
   <element name="raw_cristalyium" layername="raw_cristalyium" frame="0" z_index="4" m_a="1.000000" m_b="0.000000" m_c="0.000000" m_d="1.000000" m_tx="0.000000" m_ty="0.000000"/>
  </frame>
  <frame idx="750" w="170" h="136" x="0.000000" y="-13.625000">
   <element name="raw_cristalyium" layername="raw_cristalyium" frame="0" z_index="4" m_a="1.000000" m_b="0.000000" m_c="0.000000" m_d="1.000000" m_tx="0.000000" m_ty="0.000000"/>
  </frame>
  <frame idx="775" w="170" h="136" x="0.000000" y="-13.625000">
   <element name="raw_cristalyium" layername="raw_cristalyium" frame="0" z_index="4" m_a="1.000000" m_b="0.000000" m_c="0.000000" m_d="1.000000" m_tx="0.000000" m_ty="0.000000"/>
  </frame>
  <frame idx="800" w="170" h="136" x="0.000000" y="-13.625000">
   <element name="raw_cristalyium" layername="raw_cristalyium" frame="0" z_index="4" m_a="1.000000" m_b="0.000000" m_c="0.000000" m_d="1.000000" m_tx="0.000000" m_ty="0.000000"/>
  </frame>
  <frame idx="825" w="170" h="136" x="0.000000" y="-13.625000">
   <element name="raw_cristalyium" layername="raw_cristalyium" frame="0" z_index="4" m_a="1.000000" m_b="0.000000" m_c="0.000000" m_d="1.000000" m_tx="0.000000" m_ty="0.000000"/>
  </frame>
  <frame idx="850" w="170" h="136" x="0.000000" y="-13.625000">
   <element name="raw_cristalyium" layername="raw_cristalyium" frame="0" z_index="4" m_a="1.000000" m_b="0.000000" m_c="0.000000" m_d="1.000000" m_tx="0.000000" m_ty="0.000000"/>
  </frame>
  <frame idx="875" w="170" h="136" x="0.000000" y="-13.625000">
   <element name="raw_cristalyium" layername="raw_cristalyium" frame="0" z_index="4" m_a="1.000000" m_b="0.000000" m_c="0.000000" m_d="1.000000" m_tx="0.000000" m_ty="0.000000"/>
  </frame>
  <frame idx="900" w="170" h="136" x="0.000000" y="-13.625000">
   <element name="raw_cristalyium" layername="raw_cristalyium" frame="0" z_index="4" m_a="1.000000" m_b="0.000000" m_c="0.000000" m_d="1.000000" m_tx="0.000000" m_ty="0.000000"/>
  </frame>
  <frame idx="925" w="170" h="136" x="0.000000" y="-13.625000">
   <element name="raw_cristalyium" layername="raw_cristalyium" frame="0" z_index="4" m_a="1.000000" m_b="0.000000" m_c="0.000000" m_d="1.000000" m_tx="0.000000" m_ty="0.000000"/>
  </frame>
  <frame idx="950" w="170" h="136" x="0.000000" y="-13.625000">
   <element name="raw_cristalyium" layername="raw_cristalyium" frame="0" z_index="4" m_a="1.000000" m_b="0.000000" m_c="0.000000" m_d="1.000000" m_tx="0.000000" m_ty="0.000000"/>
  </frame>
  <frame idx="975" w="170" h="136" x="0.000000" y="-13.625000">
   <element name="raw_cristalyium" layername="raw_cristalyium" frame="0" z_index="4" m_a="1.000000" m_b="0.000000" m_c="0.000000" m_d="1.000000" m_tx="0.000000" m_ty="0.000000"/>
  </frame>
 </anim>
 <anim name="idle_1" root="raw_cristalyium" numframes="1000" framerate="40">
  <frame idx="0" w="186" h="165" x="0.000000" y="-16.625000">
   <element name="raw_cristalyium" layername="raw_cristalyium" frame="1" z_index="4" m_a="1.000000" m_b="0.000000" m_c="0.000000" m_d="1.000000" m_tx="0.000000" m_ty="0.000000"/>
  </frame>
  <frame idx="25" w="186" h="165" x="0.000000" y="-16.625000">
   <element name="raw_cristalyium" layername="raw_cristalyium" frame="1" z_index="4" m_a="1.000000" m_b="0.000000" m_c="0.000000" m_d="1.000000" m_tx="0.000000" m_ty="0.000000"/>
  </frame>
  <frame idx="50" w="186" h="165" x="0.000000" y="-16.625000">
   <element name="raw_cristalyium" layername="raw_cristalyium" frame="1" z_index="4" m_a="1.000000" m_b="0.000000" m_c="0.000000" m_d="1.000000" m_tx="0.000000" m_ty="0.000000"/>
  </frame>
  <frame idx="75" w="186" h="165" x="0.000000" y="-16.625000">
   <element name="raw_cristalyium" layername="raw_cristalyium" frame="1" z_index="4" m_a="1.000000" m_b="0.000000" m_c="0.000000" m_d="1.000000" m_tx="0.000000" m_ty="0.000000"/>
  </frame>
  <frame idx="100" w="186" h="165" x="0.000000" y="-16.625000">
   <element name="raw_cristalyium" layername="raw_cristalyium" frame="1" z_index="4" m_a="1.000000" m_b="0.000000" m_c="0.000000" m_d="1.000000" m_tx="0.000000" m_ty="0.000000"/>
  </frame>
  <frame idx="125" w="186" h="165" x="0.000000" y="-16.625000">
   <element name="raw_cristalyium" layername="raw_cristalyium" frame="1" z_index="4" m_a="1.000000" m_b="0.000000" m_c="0.000000" m_d="1.000000" m_tx="0.000000" m_ty="0.000000"/>
  </frame>
  <frame idx="150" w="186" h="165" x="0.000000" y="-16.625000">
   <element name="raw_cristalyium" layername="raw_cristalyium" frame="1" z_index="4" m_a="1.000000" m_b="0.000000" m_c="0.000000" m_d="1.000000" m_tx="0.000000" m_ty="0.000000"/>
  </frame>
  <frame idx="175" w="186" h="165" x="0.000000" y="-16.625000">
   <element name="raw_cristalyium" layername="raw_cristalyium" frame="1" z_index="4" m_a="1.000000" m_b="0.000000" m_c="0.000000" m_d="1.000000" m_tx="0.000000" m_ty="0.000000"/>
  </frame>
  <frame idx="200" w="186" h="165" x="0.000000" y="-16.625000">
   <element name="raw_cristalyium" layername="raw_cristalyium" frame="1" z_index="4" m_a="1.000000" m_b="0.000000" m_c="0.000000" m_d="1.000000" m_tx="0.000000" m_ty="0.000000"/>
  </frame>
  <frame idx="225" w="186" h="165" x="0.000000" y="-16.625000">
   <element name="raw_cristalyium" layername="raw_cristalyium" frame="1" z_index="4" m_a="1.000000" m_b="0.000000" m_c="0.000000" m_d="1.000000" m_tx="0.000000" m_ty="0.000000"/>
  </frame>
  <frame idx="250" w="186" h="165" x="0.000000" y="-16.625000">
   <element name="raw_cristalyium" layername="raw_cristalyium" frame="1" z_index="4" m_a="1.000000" m_b="0.000000" m_c="0.000000" m_d="1.000000" m_tx="0.000000" m_ty="0.000000"/>
  </frame>
  <frame idx="275" w="186" h="165" x="0.000000" y="-16.625000">
   <element name="raw_cristalyium" layername="raw_cristalyium" frame="1" z_index="4" m_a="1.000000" m_b="0.000000" m_c="0.000000" m_d="1.000000" m_tx="0.000000" m_ty="0.000000"/>
  </frame>
  <frame idx="300" w="186" h="165" x="0.000000" y="-16.625000">
   <element name="raw_cristalyium" layername="raw_cristalyium" frame="1" z_index="4" m_a="1.000000" m_b="0.000000" m_c="0.000000" m_d="1.000000" m_tx="0.000000" m_ty="0.000000"/>
  </frame>
  <frame idx="325" w="186" h="165" x="0.000000" y="-16.625000">
   <element name="raw_cristalyium" layername="raw_cristalyium" frame="1" z_index="4" m_a="1.000000" m_b="0.000000" m_c="0.000000" m_d="1.000000" m_tx="0.000000" m_ty="0.000000"/>
  </frame>
  <frame idx="350" w="186" h="165" x="0.000000" y="-16.625000">
   <element name="raw_cristalyium" layername="raw_cristalyium" frame="1" z_index="4" m_a="1.000000" m_b="0.000000" m_c="0.000000" m_d="1.000000" m_tx="0.000000" m_ty="0.000000"/>
  </frame>
  <frame idx="375" w="186" h="165" x="0.000000" y="-16.625000">
   <element name="raw_cristalyium" layername="raw_cristalyium" frame="1" z_index="4" m_a="1.000000" m_b="0.000000" m_c="0.000000" m_d="1.000000" m_tx="0.000000" m_ty="0.000000"/>
  </frame>
  <frame idx="400" w="186" h="165" x="0.000000" y="-16.625000">
   <element name="raw_cristalyium" layername="raw_cristalyium" frame="1" z_index="4" m_a="1.000000" m_b="0.000000" m_c="0.000000" m_d="1.000000" m_tx="0.000000" m_ty="0.000000"/>
  </frame>
  <frame idx="425" w="186" h="165" x="0.000000" y="-16.625000">
   <element name="raw_cristalyium" layername="raw_cristalyium" frame="1" z_index="4" m_a="1.000000" m_b="0.000000" m_c="0.000000" m_d="1.000000" m_tx="0.000000" m_ty="0.000000"/>
  </frame>
  <frame idx="450" w="186" h="165" x="0.000000" y="-16.625000">
   <element name="raw_cristalyium" layername="raw_cristalyium" frame="1" z_index="4" m_a="1.000000" m_b="0.000000" m_c="0.000000" m_d="1.000000" m_tx="0.000000" m_ty="0.000000"/>
  </frame>
  <frame idx="475" w="186" h="165" x="0.000000" y="-16.625000">
   <element name="raw_cristalyium" layername="raw_cristalyium" frame="1" z_index="4" m_a="1.000000" m_b="0.000000" m_c="0.000000" m_d="1.000000" m_tx="0.000000" m_ty="0.000000"/>
  </frame>
  <frame idx="500" w="186" h="165" x="0.000000" y="-16.625000">
   <element name="raw_cristalyium" layername="raw_cristalyium" frame="1" z_index="4" m_a="1.000000" m_b="0.000000" m_c="0.000000" m_d="1.000000" m_tx="0.000000" m_ty="0.000000"/>
  </frame>
  <frame idx="525" w="186" h="165" x="0.000000" y="-16.625000">
   <element name="raw_cristalyium" layername="raw_cristalyium" frame="1" z_index="4" m_a="1.000000" m_b="0.000000" m_c="0.000000" m_d="1.000000" m_tx="0.000000" m_ty="0.000000"/>
  </frame>
  <frame idx="550" w="186" h="165" x="0.000000" y="-16.625000">
   <element name="raw_cristalyium" layername="raw_cristalyium" frame="1" z_index="4" m_a="1.000000" m_b="0.000000" m_c="0.000000" m_d="1.000000" m_tx="0.000000" m_ty="0.000000"/>
  </frame>
  <frame idx="575" w="186" h="165" x="0.000000" y="-16.625000">
   <element name="raw_cristalyium" layername="raw_cristalyium" frame="1" z_index="4" m_a="1.000000" m_b="0.000000" m_c="0.000000" m_d="1.000000" m_tx="0.000000" m_ty="0.000000"/>
  </frame>
  <frame idx="600" w="186" h="165" x="0.000000" y="-16.625000">
   <element name="raw_cristalyium" layername="raw_cristalyium" frame="1" z_index="4" m_a="1.000000" m_b="0.000000" m_c="0.000000" m_d="1.000000" m_tx="0.000000" m_ty="0.000000"/>
  </frame>
  <frame idx="625" w="186" h="165" x="0.000000" y="-16.625000">
   <element name="raw_cristalyium" layername="raw_cristalyium" frame="1" z_index="4" m_a="1.000000" m_b="0.000000" m_c="0.000000" m_d="1.000000" m_tx="0.000000" m_ty="0.000000"/>
  </frame>
  <frame idx="650" w="186" h="165" x="0.000000" y="-16.625000">
   <element name="raw_cristalyium" layername="raw_cristalyium" frame="1" z_index="4" m_a="1.000000" m_b="0.000000" m_c="0.000000" m_d="1.000000" m_tx="0.000000" m_ty="0.000000"/>
  </frame>
  <frame idx="675" w="186" h="165" x="0.000000" y="-16.625000">
   <element name="raw_cristalyium" layername="raw_cristalyium" frame="1" z_index="4" m_a="1.000000" m_b="0.000000" m_c="0.000000" m_d="1.000000" m_tx="0.000000" m_ty="0.000000"/>
  </frame>
  <frame idx="700" w="186" h="165" x="0.000000" y="-16.625000">
   <element name="raw_cristalyium" layername="raw_cristalyium" frame="1" z_index="4" m_a="1.000000" m_b="0.000000" m_c="0.000000" m_d="1.000000" m_tx="0.000000" m_ty="0.000000"/>
  </frame>
  <frame idx="725" w="186" h="165" x="0.000000" y="-16.625000">
   <element name="raw_cristalyium" layername="raw_cristalyium" frame="1" z_index="4" m_a="1.000000" m_b="0.000000" m_c="0.000000" m_d="1.000000" m_tx="0.000000" m_ty="0.000000"/>
  </frame>
  <frame idx="750" w="186" h="165" x="0.000000" y="-16.625000">
   <element name="raw_cristalyium" layername="raw_cristalyium" frame="1" z_index="4" m_a="1.000000" m_b="0.000000" m_c="0.000000" m_d="1.000000" m_tx="0.000000" m_ty="0.000000"/>
  </frame>
  <frame idx="775" w="186" h="165" x="0.000000" y="-16.625000">
   <element name="raw_cristalyium" layername="raw_cristalyium" frame="1" z_index="4" m_a="1.000000" m_b="0.000000" m_c="0.000000" m_d="1.000000" m_tx="0.000000" m_ty="0.000000"/>
  </frame>
  <frame idx="800" w="186" h="165" x="0.000000" y="-16.625000">
   <element name="raw_cristalyium" layername="raw_cristalyium" frame="1" z_index="4" m_a="1.000000" m_b="0.000000" m_c="0.000000" m_d="1.000000" m_tx="0.000000" m_ty="0.000000"/>
  </frame>
  <frame idx="825" w="186" h="165" x="0.000000" y="-16.625000">
   <element name="raw_cristalyium" layername="raw_cristalyium" frame="1" z_index="4" m_a="1.000000" m_b="0.000000" m_c="0.000000" m_d="1.000000" m_tx="0.000000" m_ty="0.000000"/>
  </frame>
  <frame idx="850" w="186" h="165" x="0.000000" y="-16.625000">
   <element name="raw_cristalyium" layername="raw_cristalyium" frame="1" z_index="4" m_a="1.000000" m_b="0.000000" m_c="0.000000" m_d="1.000000" m_tx="0.000000" m_ty="0.000000"/>
  </frame>
  <frame idx="875" w="186" h="165" x="0.000000" y="-16.625000">
   <element name="raw_cristalyium" layername="raw_cristalyium" frame="1" z_index="4" m_a="1.000000" m_b="0.000000" m_c="0.000000" m_d="1.000000" m_tx="0.000000" m_ty="0.000000"/>
  </frame>
  <frame idx="900" w="186" h="165" x="0.000000" y="-16.625000">
   <element name="raw_cristalyium" layername="raw_cristalyium" frame="1" z_index="4" m_a="1.000000" m_b="0.000000" m_c="0.000000" m_d="1.000000" m_tx="0.000000" m_ty="0.000000"/>
  </frame>
  <frame idx="925" w="186" h="165" x="0.000000" y="-16.625000">
   <element name="raw_cristalyium" layername="raw_cristalyium" frame="1" z_index="4" m_a="1.000000" m_b="0.000000" m_c="0.000000" m_d="1.000000" m_tx="0.000000" m_ty="0.000000"/>
  </frame>
  <frame idx="950" w="186" h="165" x="0.000000" y="-16.625000">
   <element name="raw_cristalyium" layername="raw_cristalyium" frame="1" z_index="4" m_a="1.000000" m_b="0.000000" m_c="0.000000" m_d="1.000000" m_tx="0.000000" m_ty="0.000000"/>
  </frame>
  <frame idx="975" w="186" h="165" x="0.000000" y="-16.625000">
   <element name="raw_cristalyium" layername="raw_cristalyium" frame="1" z_index="4" m_a="1.000000" m_b="0.000000" m_c="0.000000" m_d="1.000000" m_tx="0.000000" m_ty="0.000000"/>
  </frame>
 </anim>
 <anim name="idle_2" root="raw_cristalyium" numframes="1000" framerate="40">
  <frame idx="0" w="178" h="132" x="0.000000" y="-13.250000">
   <element name="raw_cristalyium" layername="raw_cristalyium-2" frame="2" z_index="4" m_a="1.000000" m_b="0.000000" m_c="0.000000" m_d="1.000000" m_tx="0.000000" m_ty="0.000000"/>
  </frame>
  <frame idx="25" w="178" h="132" x="0.000000" y="-13.250000">
   <element name="raw_cristalyium" layername="raw_cristalyium-2" frame="2" z_index="4" m_a="1.000000" m_b="0.000000" m_c="0.000000" m_d="1.000000" m_tx="0.000000" m_ty="0.000000"/>
  </frame>
  <frame idx="50" w="178" h="132" x="0.000000" y="-13.250000">
   <element name="raw_cristalyium" layername="raw_cristalyium-2" frame="2" z_index="4" m_a="1.000000" m_b="0.000000" m_c="0.000000" m_d="1.000000" m_tx="0.000000" m_ty="0.000000"/>
  </frame>
  <frame idx="75" w="178" h="132" x="0.000000" y="-13.250000">
   <element name="raw_cristalyium" layername="raw_cristalyium-2" frame="2" z_index="4" m_a="1.000000" m_b="0.000000" m_c="0.000000" m_d="1.000000" m_tx="0.000000" m_ty="0.000000"/>
  </frame>
  <frame idx="100" w="178" h="132" x="0.000000" y="-13.250000">
   <element name="raw_cristalyium" layername="raw_cristalyium-2" frame="2" z_index="4" m_a="1.000000" m_b="0.000000" m_c="0.000000" m_d="1.000000" m_tx="0.000000" m_ty="0.000000"/>
  </frame>
  <frame idx="125" w="178" h="132" x="0.000000" y="-13.250000">
   <element name="raw_cristalyium" layername="raw_cristalyium-2" frame="2" z_index="4" m_a="1.000000" m_b="0.000000" m_c="0.000000" m_d="1.000000" m_tx="0.000000" m_ty="0.000000"/>
  </frame>
  <frame idx="150" w="178" h="132" x="0.000000" y="-13.250000">
   <element name="raw_cristalyium" layername="raw_cristalyium-2" frame="2" z_index="4" m_a="1.000000" m_b="0.000000" m_c="0.000000" m_d="1.000000" m_tx="0.000000" m_ty="0.000000"/>
  </frame>
  <frame idx="175" w="178" h="132" x="0.000000" y="-13.250000">
   <element name="raw_cristalyium" layername="raw_cristalyium-2" frame="2" z_index="4" m_a="1.000000" m_b="0.000000" m_c="0.000000" m_d="1.000000" m_tx="0.000000" m_ty="0.000000"/>
  </frame>
  <frame idx="200" w="178" h="132" x="0.000000" y="-13.250000">
   <element name="raw_cristalyium" layername="raw_cristalyium-2" frame="2" z_index="4" m_a="1.000000" m_b="0.000000" m_c="0.000000" m_d="1.000000" m_tx="0.000000" m_ty="0.000000"/>
  </frame>
  <frame idx="225" w="178" h="132" x="0.000000" y="-13.250000">
   <element name="raw_cristalyium" layername="raw_cristalyium-2" frame="2" z_index="4" m_a="1.000000" m_b="0.000000" m_c="0.000000" m_d="1.000000" m_tx="0.000000" m_ty="0.000000"/>
  </frame>
  <frame idx="250" w="178" h="132" x="0.000000" y="-13.250000">
   <element name="raw_cristalyium" layername="raw_cristalyium-2" frame="2" z_index="4" m_a="1.000000" m_b="0.000000" m_c="0.000000" m_d="1.000000" m_tx="0.000000" m_ty="0.000000"/>
  </frame>
  <frame idx="275" w="178" h="132" x="0.000000" y="-13.250000">
   <element name="raw_cristalyium" layername="raw_cristalyium-2" frame="2" z_index="4" m_a="1.000000" m_b="0.000000" m_c="0.000000" m_d="1.000000" m_tx="0.000000" m_ty="0.000000"/>
  </frame>
  <frame idx="300" w="178" h="132" x="0.000000" y="-13.250000">
   <element name="raw_cristalyium" layername="raw_cristalyium-2" frame="2" z_index="4" m_a="1.000000" m_b="0.000000" m_c="0.000000" m_d="1.000000" m_tx="0.000000" m_ty="0.000000"/>
  </frame>
  <frame idx="325" w="178" h="132" x="0.000000" y="-13.250000">
   <element name="raw_cristalyium" layername="raw_cristalyium-2" frame="2" z_index="4" m_a="1.000000" m_b="0.000000" m_c="0.000000" m_d="1.000000" m_tx="0.000000" m_ty="0.000000"/>
  </frame>
  <frame idx="350" w="178" h="132" x="0.000000" y="-13.250000">
   <element name="raw_cristalyium" layername="raw_cristalyium-2" frame="2" z_index="4" m_a="1.000000" m_b="0.000000" m_c="0.000000" m_d="1.000000" m_tx="0.000000" m_ty="0.000000"/>
  </frame>
  <frame idx="375" w="178" h="132" x="0.000000" y="-13.250000">
   <element name="raw_cristalyium" layername="raw_cristalyium-2" frame="2" z_index="4" m_a="1.000000" m_b="0.000000" m_c="0.000000" m_d="1.000000" m_tx="0.000000" m_ty="0.000000"/>
  </frame>
  <frame idx="400" w="178" h="132" x="0.000000" y="-13.250000">
   <element name="raw_cristalyium" layername="raw_cristalyium-2" frame="2" z_index="4" m_a="1.000000" m_b="0.000000" m_c="0.000000" m_d="1.000000" m_tx="0.000000" m_ty="0.000000"/>
  </frame>
  <frame idx="425" w="178" h="132" x="0.000000" y="-13.250000">
   <element name="raw_cristalyium" layername="raw_cristalyium-2" frame="2" z_index="4" m_a="1.000000" m_b="0.000000" m_c="0.000000" m_d="1.000000" m_tx="0.000000" m_ty="0.000000"/>
  </frame>
  <frame idx="450" w="178" h="132" x="0.000000" y="-13.250000">
   <element name="raw_cristalyium" layername="raw_cristalyium-2" frame="2" z_index="4" m_a="1.000000" m_b="0.000000" m_c="0.000000" m_d="1.000000" m_tx="0.000000" m_ty="0.000000"/>
  </frame>
  <frame idx="475" w="178" h="132" x="0.000000" y="-13.250000">
   <element name="raw_cristalyium" layername="raw_cristalyium-2" frame="2" z_index="4" m_a="1.000000" m_b="0.000000" m_c="0.000000" m_d="1.000000" m_tx="0.000000" m_ty="0.000000"/>
  </frame>
  <frame idx="500" w="178" h="132" x="0.000000" y="-13.250000">
   <element name="raw_cristalyium" layername="raw_cristalyium-2" frame="2" z_index="4" m_a="1.000000" m_b="0.000000" m_c="0.000000" m_d="1.000000" m_tx="0.000000" m_ty="0.000000"/>
  </frame>
  <frame idx="525" w="178" h="132" x="0.000000" y="-13.250000">
   <element name="raw_cristalyium" layername="raw_cristalyium-2" frame="2" z_index="4" m_a="1.000000" m_b="0.000000" m_c="0.000000" m_d="1.000000" m_tx="0.000000" m_ty="0.000000"/>
  </frame>
  <frame idx="550" w="178" h="132" x="0.000000" y="-13.250000">
   <element name="raw_cristalyium" layername="raw_cristalyium-2" frame="2" z_index="4" m_a="1.000000" m_b="0.000000" m_c="0.000000" m_d="1.000000" m_tx="0.000000" m_ty="0.000000"/>
  </frame>
  <frame idx="575" w="178" h="132" x="0.000000" y="-13.250000">
   <element name="raw_cristalyium" layername="raw_cristalyium-2" frame="2" z_index="4" m_a="1.000000" m_b="0.000000" m_c="0.000000" m_d="1.000000" m_tx="0.000000" m_ty="0.000000"/>
  </frame>
  <frame idx="600" w="178" h="132" x="0.000000" y="-13.250000">
   <element name="raw_cristalyium" layername="raw_cristalyium-2" frame="2" z_index="4" m_a="1.000000" m_b="0.000000" m_c="0.000000" m_d="1.000000" m_tx="0.000000" m_ty="0.000000"/>
  </frame>
  <frame idx="625" w="178" h="132" x="0.000000" y="-13.250000">
   <element name="raw_cristalyium" layername="raw_cristalyium-2" frame="2" z_index="4" m_a="1.000000" m_b="0.000000" m_c="0.000000" m_d="1.000000" m_tx="0.000000" m_ty="0.000000"/>
  </frame>
  <frame idx="650" w="178" h="132" x="0.000000" y="-13.250000">
   <element name="raw_cristalyium" layername="raw_cristalyium-2" frame="2" z_index="4" m_a="1.000000" m_b="0.000000" m_c="0.000000" m_d="1.000000" m_tx="0.000000" m_ty="0.000000"/>
  </frame>
  <frame idx="675" w="178" h="132" x="0.000000" y="-13.250000">
   <element name="raw_cristalyium" layername="raw_cristalyium-2" frame="2" z_index="4" m_a="1.000000" m_b="0.000000" m_c="0.000000" m_d="1.000000" m_tx="0.000000" m_ty="0.000000"/>
  </frame>
  <frame idx="700" w="178" h="132" x="0.000000" y="-13.250000">
   <element name="raw_cristalyium" layername="raw_cristalyium-2" frame="2" z_index="4" m_a="1.000000" m_b="0.000000" m_c="0.000000" m_d="1.000000" m_tx="0.000000" m_ty="0.000000"/>
  </frame>
  <frame idx="725" w="178" h="132" x="0.000000" y="-13.250000">
   <element name="raw_cristalyium" layername="raw_cristalyium-2" frame="2" z_index="4" m_a="1.000000" m_b="0.000000" m_c="0.000000" m_d="1.000000" m_tx="0.000000" m_ty="0.000000"/>
  </frame>
  <frame idx="750" w="178" h="132" x="0.000000" y="-13.250000">
   <element name="raw_cristalyium" layername="raw_cristalyium-2" frame="2" z_index="4" m_a="1.000000" m_b="0.000000" m_c="0.000000" m_d="1.000000" m_tx="0.000000" m_ty="0.000000"/>
  </frame>
  <frame idx="775" w="178" h="132" x="0.000000" y="-13.250000">
   <element name="raw_cristalyium" layername="raw_cristalyium-2" frame="2" z_index="4" m_a="1.000000" m_b="0.000000" m_c="0.000000" m_d="1.000000" m_tx="0.000000" m_ty="0.000000"/>
  </frame>
  <frame idx="800" w="178" h="132" x="0.000000" y="-13.250000">
   <element name="raw_cristalyium" layername="raw_cristalyium-2" frame="2" z_index="4" m_a="1.000000" m_b="0.000000" m_c="0.000000" m_d="1.000000" m_tx="0.000000" m_ty="0.000000"/>
  </frame>
  <frame idx="825" w="178" h="132" x="0.000000" y="-13.250000">
   <element name="raw_cristalyium" layername="raw_cristalyium-2" frame="2" z_index="4" m_a="1.000000" m_b="0.000000" m_c="0.000000" m_d="1.000000" m_tx="0.000000" m_ty="0.000000"/>
  </frame>
  <frame idx="850" w="178" h="132" x="0.000000" y="-13.250000">
   <element name="raw_cristalyium" layername="raw_cristalyium-2" frame="2" z_index="4" m_a="1.000000" m_b="0.000000" m_c="0.000000" m_d="1.000000" m_tx="0.000000" m_ty="0.000000"/>
  </frame>
  <frame idx="875" w="178" h="132" x="0.000000" y="-13.250000">
   <element name="raw_cristalyium" layername="raw_cristalyium-2" frame="2" z_index="4" m_a="1.000000" m_b="0.000000" m_c="0.000000" m_d="1.000000" m_tx="0.000000" m_ty="0.000000"/>
  </frame>
  <frame idx="900" w="178" h="132" x="0.000000" y="-13.250000">
   <element name="raw_cristalyium" layername="raw_cristalyium-2" frame="2" z_index="4" m_a="1.000000" m_b="0.000000" m_c="0.000000" m_d="1.000000" m_tx="0.000000" m_ty="0.000000"/>
  </frame>
  <frame idx="925" w="178" h="132" x="0.000000" y="-13.250000">
   <element name="raw_cristalyium" layername="raw_cristalyium-2" frame="2" z_index="4" m_a="1.000000" m_b="0.000000" m_c="0.000000" m_d="1.000000" m_tx="0.000000" m_ty="0.000000"/>
  </frame>
  <frame idx="950" w="178" h="132" x="0.000000" y="-13.250000">
   <element name="raw_cristalyium" layername="raw_cristalyium-2" frame="2" z_index="4" m_a="1.000000" m_b="0.000000" m_c="0.000000" m_d="1.000000" m_tx="0.000000" m_ty="0.000000"/>
  </frame>
  <frame idx="975" w="178" h="132" x="0.000000" y="-13.250000">
   <element name="raw_cristalyium" layername="raw_cristalyium-2" frame="2" z_index="4" m_a="1.000000" m_b="0.000000" m_c="0.000000" m_d="1.000000" m_tx="0.000000" m_ty="0.000000"/>
  </frame>
 </anim>
 <anim name="idle" root="pure_cristalyium" numframes="1000" framerate="40">
  <frame idx="0" w="141" h="170" x="0.000000" y="-25.599998">
   <element name="pure_cristalyium" layername="pure_cristalyium" frame="0" z_index="4" m_a="1.000000" m_b="0.000000" m_c="0.000000" m_d="1.000000" m_tx="0.000000" m_ty="0.000000"/>
  </frame>
  <frame idx="25" w="141" h="170" x="0.000000" y="-25.599998">
   <element name="pure_cristalyium" layername="pure_cristalyium" frame="0" z_index="4" m_a="1.000000" m_b="0.000000" m_c="0.000000" m_d="1.000000" m_tx="0.000000" m_ty="0.000000"/>
  </frame>
  <frame idx="50" w="141" h="170" x="0.000000" y="-25.599998">
   <element name="pure_cristalyium" layername="pure_cristalyium" frame="0" z_index="4" m_a="1.000000" m_b="0.000000" m_c="0.000000" m_d="1.000000" m_tx="0.000000" m_ty="0.000000"/>
  </frame>
  <frame idx="75" w="141" h="170" x="0.000000" y="-25.599998">
   <element name="pure_cristalyium" layername="pure_cristalyium" frame="0" z_index="4" m_a="1.000000" m_b="0.000000" m_c="0.000000" m_d="1.000000" m_tx="0.000000" m_ty="0.000000"/>
  </frame>
  <frame idx="100" w="141" h="170" x="0.000000" y="-25.599998">
   <element name="pure_cristalyium" layername="pure_cristalyium" frame="0" z_index="4" m_a="1.000000" m_b="0.000000" m_c="0.000000" m_d="1.000000" m_tx="0.000000" m_ty="0.000000"/>
  </frame>
  <frame idx="125" w="141" h="170" x="0.000000" y="-25.599998">
   <element name="pure_cristalyium" layername="pure_cristalyium" frame="0" z_index="4" m_a="1.000000" m_b="0.000000" m_c="0.000000" m_d="1.000000" m_tx="0.000000" m_ty="0.000000"/>
  </frame>
  <frame idx="150" w="141" h="170" x="0.000000" y="-25.599998">
   <element name="pure_cristalyium" layername="pure_cristalyium" frame="0" z_index="4" m_a="1.000000" m_b="0.000000" m_c="0.000000" m_d="1.000000" m_tx="0.000000" m_ty="0.000000"/>
  </frame>
  <frame idx="175" w="141" h="170" x="0.000000" y="-25.599998">
   <element name="pure_cristalyium" layername="pure_cristalyium" frame="0" z_index="4" m_a="1.000000" m_b="0.000000" m_c="0.000000" m_d="1.000000" m_tx="0.000000" m_ty="0.000000"/>
  </frame>
  <frame idx="200" w="141" h="170" x="0.000000" y="-25.599998">
   <element name="pure_cristalyium" layername="pure_cristalyium" frame="0" z_index="4" m_a="1.000000" m_b="0.000000" m_c="0.000000" m_d="1.000000" m_tx="0.000000" m_ty="0.000000"/>
  </frame>
  <frame idx="225" w="141" h="170" x="0.000000" y="-25.599998">
   <element name="pure_cristalyium" layername="pure_cristalyium" frame="0" z_index="4" m_a="1.000000" m_b="0.000000" m_c="0.000000" m_d="1.000000" m_tx="0.000000" m_ty="0.000000"/>
  </frame>
  <frame idx="250" w="141" h="170" x="0.000000" y="-25.599998">
   <element name="pure_cristalyium" layername="pure_cristalyium" frame="0" z_index="4" m_a="1.000000" m_b="0.000000" m_c="0.000000" m_d="1.000000" m_tx="0.000000" m_ty="0.000000"/>
  </frame>
  <frame idx="275" w="141" h="170" x="0.000000" y="-25.599998">
   <element name="pure_cristalyium" layername="pure_cristalyium" frame="0" z_index="4" m_a="1.000000" m_b="0.000000" m_c="0.000000" m_d="1.000000" m_tx="0.000000" m_ty="0.000000"/>
  </frame>
  <frame idx="300" w="141" h="170" x="0.000000" y="-25.599998">
   <element name="pure_cristalyium" layername="pure_cristalyium" frame="0" z_index="4" m_a="1.000000" m_b="0.000000" m_c="0.000000" m_d="1.000000" m_tx="0.000000" m_ty="0.000000"/>
  </frame>
  <frame idx="325" w="141" h="170" x="0.000000" y="-25.599998">
   <element name="pure_cristalyium" layername="pure_cristalyium" frame="0" z_index="4" m_a="1.000000" m_b="0.000000" m_c="0.000000" m_d="1.000000" m_tx="0.000000" m_ty="0.000000"/>
  </frame>
  <frame idx="350" w="141" h="170" x="0.000000" y="-25.599998">
   <element name="pure_cristalyium" layername="pure_cristalyium" frame="0" z_index="4" m_a="1.000000" m_b="0.000000" m_c="0.000000" m_d="1.000000" m_tx="0.000000" m_ty="0.000000"/>
  </frame>
  <frame idx="375" w="141" h="170" x="0.000000" y="-25.599998">
   <element name="pure_cristalyium" layername="pure_cristalyium" frame="0" z_index="4" m_a="1.000000" m_b="0.000000" m_c="0.000000" m_d="1.000000" m_tx="0.000000" m_ty="0.000000"/>
  </frame>
  <frame idx="400" w="141" h="170" x="0.000000" y="-25.599998">
   <element name="pure_cristalyium" layername="pure_cristalyium" frame="0" z_index="4" m_a="1.000000" m_b="0.000000" m_c="0.000000" m_d="1.000000" m_tx="0.000000" m_ty="0.000000"/>
  </frame>
  <frame idx="425" w="141" h="170" x="0.000000" y="-25.599998">
   <element name="pure_cristalyium" layername="pure_cristalyium" frame="0" z_index="4" m_a="1.000000" m_b="0.000000" m_c="0.000000" m_d="1.000000" m_tx="0.000000" m_ty="0.000000"/>
  </frame>
  <frame idx="450" w="141" h="170" x="0.000000" y="-25.599998">
   <element name="pure_cristalyium" layername="pure_cristalyium" frame="0" z_index="4" m_a="1.000000" m_b="0.000000" m_c="0.000000" m_d="1.000000" m_tx="0.000000" m_ty="0.000000"/>
  </frame>
  <frame idx="475" w="141" h="170" x="0.000000" y="-25.599998">
   <element name="pure_cristalyium" layername="pure_cristalyium" frame="0" z_index="4" m_a="1.000000" m_b="0.000000" m_c="0.000000" m_d="1.000000" m_tx="0.000000" m_ty="0.000000"/>
  </frame>
  <frame idx="500" w="141" h="170" x="0.000000" y="-25.599998">
   <element name="pure_cristalyium" layername="pure_cristalyium" frame="0" z_index="4" m_a="1.000000" m_b="0.000000" m_c="0.000000" m_d="1.000000" m_tx="0.000000" m_ty="0.000000"/>
  </frame>
  <frame idx="525" w="141" h="170" x="0.000000" y="-25.599998">
   <element name="pure_cristalyium" layername="pure_cristalyium" frame="0" z_index="4" m_a="1.000000" m_b="0.000000" m_c="0.000000" m_d="1.000000" m_tx="0.000000" m_ty="0.000000"/>
  </frame>
  <frame idx="550" w="141" h="170" x="0.000000" y="-25.599998">
   <element name="pure_cristalyium" layername="pure_cristalyium" frame="0" z_index="4" m_a="1.000000" m_b="0.000000" m_c="0.000000" m_d="1.000000" m_tx="0.000000" m_ty="0.000000"/>
  </frame>
  <frame idx="575" w="141" h="170" x="0.000000" y="-25.599998">
   <element name="pure_cristalyium" layername="pure_cristalyium" frame="0" z_index="4" m_a="1.000000" m_b="0.000000" m_c="0.000000" m_d="1.000000" m_tx="0.000000" m_ty="0.000000"/>
  </frame>
  <frame idx="600" w="141" h="170" x="0.000000" y="-25.599998">
   <element name="pure_cristalyium" layername="pure_cristalyium" frame="0" z_index="4" m_a="1.000000" m_b="0.000000" m_c="0.000000" m_d="1.000000" m_tx="0.000000" m_ty="0.000000"/>
  </frame>
  <frame idx="625" w="141" h="170" x="0.000000" y="-25.599998">
   <element name="pure_cristalyium" layername="pure_cristalyium" frame="0" z_index="4" m_a="1.000000" m_b="0.000000" m_c="0.000000" m_d="1.000000" m_tx="0.000000" m_ty="0.000000"/>
  </frame>
  <frame idx="650" w="141" h="170" x="0.000000" y="-25.599998">
   <element name="pure_cristalyium" layername="pure_cristalyium" frame="0" z_index="4" m_a="1.000000" m_b="0.000000" m_c="0.000000" m_d="1.000000" m_tx="0.000000" m_ty="0.000000"/>
  </frame>
  <frame idx="675" w="141" h="170" x="0.000000" y="-25.599998">
   <element name="pure_cristalyium" layername="pure_cristalyium" frame="0" z_index="4" m_a="1.000000" m_b="0.000000" m_c="0.000000" m_d="1.000000" m_tx="0.000000" m_ty="0.000000"/>
  </frame>
  <frame idx="700" w="141" h="170" x="0.000000" y="-25.599998">
   <element name="pure_cristalyium" layername="pure_cristalyium" frame="0" z_index="4" m_a="1.000000" m_b="0.000000" m_c="0.000000" m_d="1.000000" m_tx="0.000000" m_ty="0.000000"/>
  </frame>
  <frame idx="725" w="141" h="170" x="0.000000" y="-25.599998">
   <element name="pure_cristalyium" layername="pure_cristalyium" frame="0" z_index="4" m_a="1.000000" m_b="0.000000" m_c="0.000000" m_d="1.000000" m_tx="0.000000" m_ty="0.000000"/>
  </frame>
  <frame idx="750" w="141" h="170" x="0.000000" y="-25.599998">
   <element name="pure_cristalyium" layername="pure_cristalyium" frame="0" z_index="4" m_a="1.000000" m_b="0.000000" m_c="0.000000" m_d="1.000000" m_tx="0.000000" m_ty="0.000000"/>
  </frame>
  <frame idx="775" w="141" h="170" x="0.000000" y="-25.599998">
   <element name="pure_cristalyium" layername="pure_cristalyium" frame="0" z_index="4" m_a="1.000000" m_b="0.000000" m_c="0.000000" m_d="1.000000" m_tx="0.000000" m_ty="0.000000"/>
  </frame>
  <frame idx="800" w="141" h="170" x="0.000000" y="-25.599998">
   <element name="pure_cristalyium" layername="pure_cristalyium" frame="0" z_index="4" m_a="1.000000" m_b="0.000000" m_c="0.000000" m_d="1.000000" m_tx="0.000000" m_ty="0.000000"/>
  </frame>
  <frame idx="825" w="141" h="170" x="0.000000" y="-25.599998">
   <element name="pure_cristalyium" layername="pure_cristalyium" frame="0" z_index="4" m_a="1.000000" m_b="0.000000" m_c="0.000000" m_d="1.000000" m_tx="0.000000" m_ty="0.000000"/>
  </frame>
  <frame idx="850" w="141" h="170" x="0.000000" y="-25.599998">
   <element name="pure_cristalyium" layername="pure_cristalyium" frame="0" z_index="4" m_a="1.000000" m_b="0.000000" m_c="0.000000" m_d="1.000000" m_tx="0.000000" m_ty="0.000000"/>
  </frame>
  <frame idx="875" w="141" h="170" x="0.000000" y="-25.599998">
   <element name="pure_cristalyium" layername="pure_cristalyium" frame="0" z_index="4" m_a="1.000000" m_b="0.000000" m_c="0.000000" m_d="1.000000" m_tx="0.000000" m_ty="0.000000"/>
  </frame>
  <frame idx="900" w="141" h="170" x="0.000000" y="-25.599998">
   <element name="pure_cristalyium" layername="pure_cristalyium" frame="0" z_index="4" m_a="1.000000" m_b="0.000000" m_c="0.000000" m_d="1.000000" m_tx="0.000000" m_ty="0.000000"/>
  </frame>
  <frame idx="925" w="141" h="170" x="0.000000" y="-25.599998">
   <element name="pure_cristalyium" layername="pure_cristalyium" frame="0" z_index="4" m_a="1.000000" m_b="0.000000" m_c="0.000000" m_d="1.000000" m_tx="0.000000" m_ty="0.000000"/>
  </frame>
  <frame idx="950" w="141" h="170" x="0.000000" y="-25.599998">
   <element name="pure_cristalyium" layername="pure_cristalyium" frame="0" z_index="4" m_a="1.000000" m_b="0.000000" m_c="0.000000" m_d="1.000000" m_tx="0.000000" m_ty="0.000000"/>
  </frame>
  <frame idx="975" w="141" h="170" x="0.000000" y="-25.599998">
   <element name="pure_cristalyium" layername="pure_cristalyium" frame="0" z_index="4" m_a="1.000000" m_b="0.000000" m_c="0.000000" m_d="1.000000" m_tx="0.000000" m_ty="0.000000"/>
  </frame>
 </anim>
</Anims>
