<Anims>
 <anim name="place" root="neutron_collector" numframes="1000" framerate="40">
  <frame idx="0" w="212" h="571" x="-64.000000" y="-262.399994">
   <element name="neutron_collector" layername="neutron_collector" frame="0" z_index="3" m_a="0.500000" m_b="0.000000" m_c="0.000000" m_d="1.000000" m_tx="0.000000" m_ty="-160.000000"/>
  </frame>
  <frame idx="25" w="212" h="532" x="-64.000000" y="-226.557220">
   <element name="neutron_collector" layername="neutron_collector" frame="0" z_index="3" m_a="0.500000" m_b="0.000000" m_c="0.000000" m_d="1.000000" m_tx="0.000000" m_ty="-124.157227"/>
  </frame>
  <frame idx="50" w="212" h="492" x="-64.000000" y="-190.714447">
   <element name="neutron_collector" layername="neutron_collector" frame="0" z_index="3" m_a="0.500000" m_b="0.000000" m_c="0.000000" m_d="1.000000" m_tx="0.000000" m_ty="-88.314461"/>
  </frame>
  <frame idx="75" w="212" h="453" x="-64.000000" y="-154.871674">
   <element name="neutron_collector" layername="neutron_collector" frame="0" z_index="3" m_a="0.500000" m_b="0.000000" m_c="0.000000" m_d="1.000000" m_tx="0.000000" m_ty="-52.471687"/>
  </frame>
  <frame idx="100" w="226" h="437" x="-51.891891" y="-140.294739">
   <element name="neutron_collector" layername="neutron_collector" frame="0" z_index="3" m_a="0.594595" m_b="0.000000" m_c="0.000000" m_d="1.000000" m_tx="0.000000" m_ty="-37.894737"/>
  </frame>
  <frame idx="125" w="241" h="425" x="-37.477478" y="-129.768433">
   <element name="neutron_collector" layername="neutron_collector" frame="0" z_index="3" m_a="0.707207" m_b="0.000000" m_c="0.000000" m_d="1.000000" m_tx="0.000000" m_ty="-27.368422"/>
  </frame>
  <frame idx="150" w="257" h="414" x="-23.063065" y="-119.242096">
   <element name="neutron_collector" layername="neutron_collector" frame="0" z_index="3" m_a="0.819820" m_b="0.000000" m_c="0.000000" m_d="1.000000" m_tx="0.000000" m_ty="-16.842106"/>
  </frame>
  <frame idx="175" w="273" h="402" x="-8.648651" y="-108.715790">
   <element name="neutron_collector" layername="neutron_collector" frame="0" z_index="3" m_a="0.932432" m_b="0.000000" m_c="0.000000" m_d="1.000000" m_tx="0.000000" m_ty="-6.315788"/>
  </frame>
  <frame idx="200" w="285" h="394" x="2.454697" y="-104.627304">
   <element name="neutron_collector" layername="neutron_collector" frame="0" z_index="3" m_a="1.019177" m_b="0.000000" m_c="0.000000" m_d="0.986052" m_tx="0.000000" m_ty="-0.441989"/>
  </frame>
  <frame idx="225" w="292" h="390" x="8.591431" y="-110.195602">
   <element name="neutron_collector" layername="neutron_collector" frame="0" z_index="3" m_a="1.067121" m_b="0.000000" m_c="0.000000" m_d="0.951182" m_tx="0.000000" m_ty="-1.546961"/>
  </frame>
  <frame idx="250" w="299" h="387" x="14.728149" y="-115.763893">
   <element name="neutron_collector" layername="neutron_collector" frame="0" z_index="3" m_a="1.115064" m_b="0.000000" m_c="0.000000" m_d="0.916313" m_tx="0.000000" m_ty="-2.651934"/>
  </frame>
  <frame idx="275" w="305" h="382" x="20.864883" y="-121.332191">
   <element name="neutron_collector" layername="neutron_collector" frame="0" z_index="3" m_a="1.163007" m_b="0.000000" m_c="0.000000" m_d="0.881443" m_tx="0.000000" m_ty="-3.756906"/>
  </frame>
  <frame idx="300" w="313" h="379" x="27.001617" y="-126.900452">
   <element name="neutron_collector" layername="neutron_collector" frame="0" z_index="3" m_a="1.210950" m_b="0.000000" m_c="0.000000" m_d="0.846574" m_tx="0.000000" m_ty="-4.861878"/>
  </frame>
  <frame idx="325" w="319" h="376" x="33.138351" y="-132.468750">
   <element name="neutron_collector" layername="neutron_collector" frame="0" z_index="3" m_a="1.258893" m_b="0.000000" m_c="0.000000" m_d="0.811704" m_tx="0.000000" m_ty="-5.966851"/>
  </frame>
  <frame idx="350" w="321" h="374" x="34.365692" y="-133.582428">
   <element name="neutron_collector" layername="neutron_collector" frame="0" z_index="3" m_a="1.268482" m_b="0.000000" m_c="0.000000" m_d="0.804730" m_tx="0.000000" m_ty="-6.187845"/>
  </frame>
  <frame idx="375" w="321" h="374" x="34.365692" y="-133.582428">
   <element name="neutron_collector" layername="neutron_collector" frame="0" z_index="3" m_a="1.268482" m_b="0.000000" m_c="0.000000" m_d="0.804730" m_tx="0.000000" m_ty="-6.187845"/>
  </frame>
  <frame idx="400" w="321" h="374" x="34.365692" y="-133.582428">
   <element name="neutron_collector" layername="neutron_collector" frame="0" z_index="3" m_a="1.268482" m_b="0.000000" m_c="0.000000" m_d="0.804730" m_tx="0.000000" m_ty="-6.187845"/>
  </frame>
  <frame idx="425" w="316" h="377" x="30.460495" y="-130.038940">
   <element name="neutron_collector" layername="neutron_collector" frame="0" z_index="3" m_a="1.237973" m_b="0.000000" m_c="0.000000" m_d="0.826920" m_tx="0.000000" m_ty="-5.484681"/>
  </frame>
  <frame idx="450" w="312" h="379" x="26.555313" y="-126.495499">
   <element name="neutron_collector" layername="neutron_collector" frame="0" z_index="3" m_a="1.207463" m_b="0.000000" m_c="0.000000" m_d="0.849110" m_tx="0.000000" m_ty="-4.781517"/>
  </frame>
  <frame idx="475" w="307" h="382" x="22.650116" y="-122.952049">
   <element name="neutron_collector" layername="neutron_collector" frame="0" z_index="3" m_a="1.176954" m_b="0.000000" m_c="0.000000" m_d="0.871299" m_tx="0.000000" m_ty="-4.078352"/>
  </frame>
  <frame idx="500" w="303" h="384" x="18.744919" y="-119.408569">
   <element name="neutron_collector" layername="neutron_collector" frame="0" z_index="3" m_a="1.146445" m_b="0.000000" m_c="0.000000" m_d="0.893489" m_tx="0.000000" m_ty="-3.375188"/>
  </frame>
  <frame idx="525" w="299" h="387" x="14.839737" y="-115.865128">
   <element name="neutron_collector" layername="neutron_collector" frame="0" z_index="3" m_a="1.115935" m_b="0.000000" m_c="0.000000" m_d="0.915679" m_tx="0.000000" m_ty="-2.672024"/>
  </frame>
  <frame idx="550" w="294" h="389" x="10.934540" y="-112.321678">
   <element name="neutron_collector" layername="neutron_collector" frame="0" z_index="3" m_a="1.085426" m_b="0.000000" m_c="0.000000" m_d="0.937869" m_tx="0.000000" m_ty="-1.968860"/>
  </frame>
  <frame idx="575" w="291" h="391" x="7.029343" y="-108.778236">
   <element name="neutron_collector" layername="neutron_collector" frame="0" z_index="3" m_a="1.054917" m_b="0.000000" m_c="0.000000" m_d="0.960058" m_tx="0.000000" m_ty="-1.265696"/>
  </frame>
  <frame idx="600" w="286" h="393" x="3.124146" y="-105.234756">
   <element name="neutron_collector" layername="neutron_collector" frame="0" z_index="3" m_a="1.024407" m_b="0.000000" m_c="0.000000" m_d="0.982248" m_tx="0.000000" m_ty="-0.562531"/>
  </frame>
  <frame idx="625" w="282" h="395" x="0.000000" y="-102.399994">
   <element name="neutron_collector" layername="neutron_collector" frame="0" z_index="3" m_a="1.000000" m_b="0.000000" m_c="0.000000" m_d="1.000000" m_tx="0.000000" m_ty="0.000000"/>
  </frame>
  <frame idx="650" w="282" h="395" x="0.000000" y="-102.399994">
   <element name="neutron_collector" layername="neutron_collector" frame="0" z_index="3" m_a="1.000000" m_b="0.000000" m_c="0.000000" m_d="1.000000" m_tx="0.000000" m_ty="0.000000"/>
  </frame>
  <frame idx="675" w="282" h="395" x="0.000000" y="-102.399994">
   <element name="neutron_collector" layername="neutron_collector" frame="0" z_index="3" m_a="1.000000" m_b="0.000000" m_c="0.000000" m_d="1.000000" m_tx="0.000000" m_ty="0.000000"/>
  </frame>
  <frame idx="700" w="282" h="395" x="0.000000" y="-102.399994">
   <element name="neutron_collector" layername="neutron_collector" frame="0" z_index="3" m_a="1.000000" m_b="0.000000" m_c="0.000000" m_d="1.000000" m_tx="0.000000" m_ty="0.000000"/>
  </frame>
  <frame idx="725" w="282" h="395" x="0.000000" y="-102.399994">
   <element name="neutron_collector" layername="neutron_collector" frame="0" z_index="3" m_a="1.000000" m_b="0.000000" m_c="0.000000" m_d="1.000000" m_tx="0.000000" m_ty="0.000000"/>
  </frame>
  <frame idx="750" w="282" h="395" x="0.000000" y="-102.399994">
   <element name="neutron_collector" layername="neutron_collector" frame="0" z_index="3" m_a="1.000000" m_b="0.000000" m_c="0.000000" m_d="1.000000" m_tx="0.000000" m_ty="0.000000"/>
  </frame>
  <frame idx="775" w="282" h="395" x="0.000000" y="-102.399994">
   <element name="neutron_collector" layername="neutron_collector" frame="0" z_index="3" m_a="1.000000" m_b="0.000000" m_c="0.000000" m_d="1.000000" m_tx="0.000000" m_ty="0.000000"/>
  </frame>
  <frame idx="800" w="282" h="395" x="0.000000" y="-102.399994">
   <element name="neutron_collector" layername="neutron_collector" frame="0" z_index="3" m_a="1.000000" m_b="0.000000" m_c="0.000000" m_d="1.000000" m_tx="0.000000" m_ty="0.000000"/>
  </frame>
  <frame idx="825" w="282" h="395" x="0.000000" y="-102.399994">
   <element name="neutron_collector" layername="neutron_collector" frame="0" z_index="3" m_a="1.000000" m_b="0.000000" m_c="0.000000" m_d="1.000000" m_tx="0.000000" m_ty="0.000000"/>
  </frame>
  <frame idx="850" w="282" h="395" x="0.000000" y="-102.399994">
   <element name="neutron_collector" layername="neutron_collector" frame="0" z_index="3" m_a="1.000000" m_b="0.000000" m_c="0.000000" m_d="1.000000" m_tx="0.000000" m_ty="0.000000"/>
  </frame>
  <frame idx="875" w="282" h="395" x="0.000000" y="-102.399994">
   <element name="neutron_collector" layername="neutron_collector" frame="0" z_index="3" m_a="1.000000" m_b="0.000000" m_c="0.000000" m_d="1.000000" m_tx="0.000000" m_ty="0.000000"/>
  </frame>
  <frame idx="900" w="282" h="395" x="0.000000" y="-102.399994">
   <element name="neutron_collector" layername="neutron_collector" frame="0" z_index="3" m_a="1.000000" m_b="0.000000" m_c="0.000000" m_d="1.000000" m_tx="0.000000" m_ty="0.000000"/>
  </frame>
  <frame idx="925" w="282" h="395" x="0.000000" y="-102.399994">
   <element name="neutron_collector" layername="neutron_collector" frame="0" z_index="3" m_a="1.000000" m_b="0.000000" m_c="0.000000" m_d="1.000000" m_tx="0.000000" m_ty="0.000000"/>
  </frame>
  <frame idx="950" w="282" h="395" x="0.000000" y="-102.399994">
   <element name="neutron_collector" layername="neutron_collector" frame="0" z_index="3" m_a="1.000000" m_b="0.000000" m_c="0.000000" m_d="1.000000" m_tx="0.000000" m_ty="0.000000"/>
  </frame>
  <frame idx="975" w="282" h="395" x="0.000000" y="-102.399994">
   <element name="neutron_collector" layername="neutron_collector" frame="0" z_index="3" m_a="1.000000" m_b="0.000000" m_c="0.000000" m_d="1.000000" m_tx="0.000000" m_ty="0.000000"/>
  </frame>
 </anim>
 <anim name="idle" root="neutron_collector" numframes="1000" framerate="40">
  <frame idx="0" w="282" h="395" x="0.000000" y="-102.399994">
   <element name="neutron_collector" layername="neutron_collector" frame="0" z_index="3" m_a="1.000000" m_b="0.000000" m_c="0.000000" m_d="1.000000" m_tx="0.000000" m_ty="0.000000"/>
  </frame>
  <frame idx="25" w="282" h="395" x="0.000000" y="-102.399994">
   <element name="neutron_collector" layername="neutron_collector" frame="0" z_index="3" m_a="1.000000" m_b="0.000000" m_c="0.000000" m_d="1.000000" m_tx="0.000000" m_ty="0.000000"/>
  </frame>
  <frame idx="50" w="282" h="395" x="0.000000" y="-102.399994">
   <element name="neutron_collector" layername="neutron_collector" frame="0" z_index="3" m_a="1.000000" m_b="0.000000" m_c="0.000000" m_d="1.000000" m_tx="0.000000" m_ty="0.000000"/>
  </frame>
  <frame idx="75" w="282" h="395" x="0.000000" y="-102.399994">
   <element name="neutron_collector" layername="neutron_collector" frame="0" z_index="3" m_a="1.000000" m_b="0.000000" m_c="0.000000" m_d="1.000000" m_tx="0.000000" m_ty="0.000000"/>
  </frame>
  <frame idx="100" w="282" h="395" x="0.000000" y="-102.399994">
   <element name="neutron_collector" layername="neutron_collector" frame="0" z_index="3" m_a="1.000000" m_b="0.000000" m_c="0.000000" m_d="1.000000" m_tx="0.000000" m_ty="0.000000"/>
  </frame>
  <frame idx="125" w="282" h="395" x="0.000000" y="-102.399994">
   <element name="neutron_collector" layername="neutron_collector" frame="0" z_index="3" m_a="1.000000" m_b="0.000000" m_c="0.000000" m_d="1.000000" m_tx="0.000000" m_ty="0.000000"/>
  </frame>
  <frame idx="150" w="282" h="395" x="0.000000" y="-102.399994">
   <element name="neutron_collector" layername="neutron_collector" frame="0" z_index="3" m_a="1.000000" m_b="0.000000" m_c="0.000000" m_d="1.000000" m_tx="0.000000" m_ty="0.000000"/>
  </frame>
  <frame idx="175" w="282" h="395" x="0.000000" y="-102.399994">
   <element name="neutron_collector" layername="neutron_collector" frame="0" z_index="3" m_a="1.000000" m_b="0.000000" m_c="0.000000" m_d="1.000000" m_tx="0.000000" m_ty="0.000000"/>
  </frame>
  <frame idx="200" w="282" h="395" x="0.000000" y="-102.399994">
   <element name="neutron_collector" layername="neutron_collector" frame="0" z_index="3" m_a="1.000000" m_b="0.000000" m_c="0.000000" m_d="1.000000" m_tx="0.000000" m_ty="0.000000"/>
  </frame>
  <frame idx="225" w="282" h="395" x="0.000000" y="-102.399994">
   <element name="neutron_collector" layername="neutron_collector" frame="0" z_index="3" m_a="1.000000" m_b="0.000000" m_c="0.000000" m_d="1.000000" m_tx="0.000000" m_ty="0.000000"/>
  </frame>
  <frame idx="250" w="282" h="395" x="0.000000" y="-102.399994">
   <element name="neutron_collector" layername="neutron_collector" frame="0" z_index="3" m_a="1.000000" m_b="0.000000" m_c="0.000000" m_d="1.000000" m_tx="0.000000" m_ty="0.000000"/>
  </frame>
  <frame idx="275" w="282" h="395" x="0.000000" y="-102.399994">
   <element name="neutron_collector" layername="neutron_collector" frame="0" z_index="3" m_a="1.000000" m_b="0.000000" m_c="0.000000" m_d="1.000000" m_tx="0.000000" m_ty="0.000000"/>
  </frame>
  <frame idx="300" w="282" h="395" x="0.000000" y="-102.399994">
   <element name="neutron_collector" layername="neutron_collector" frame="0" z_index="3" m_a="1.000000" m_b="0.000000" m_c="0.000000" m_d="1.000000" m_tx="0.000000" m_ty="0.000000"/>
  </frame>
  <frame idx="325" w="282" h="395" x="0.000000" y="-102.399994">
   <element name="neutron_collector" layername="neutron_collector" frame="0" z_index="3" m_a="1.000000" m_b="0.000000" m_c="0.000000" m_d="1.000000" m_tx="0.000000" m_ty="0.000000"/>
  </frame>
  <frame idx="350" w="282" h="395" x="0.000000" y="-102.399994">
   <element name="neutron_collector" layername="neutron_collector" frame="0" z_index="3" m_a="1.000000" m_b="0.000000" m_c="0.000000" m_d="1.000000" m_tx="0.000000" m_ty="0.000000"/>
  </frame>
  <frame idx="375" w="282" h="395" x="0.000000" y="-102.399994">
   <element name="neutron_collector" layername="neutron_collector" frame="0" z_index="3" m_a="1.000000" m_b="0.000000" m_c="0.000000" m_d="1.000000" m_tx="0.000000" m_ty="0.000000"/>
  </frame>
  <frame idx="400" w="282" h="395" x="0.000000" y="-102.399994">
   <element name="neutron_collector" layername="neutron_collector" frame="0" z_index="3" m_a="1.000000" m_b="0.000000" m_c="0.000000" m_d="1.000000" m_tx="0.000000" m_ty="0.000000"/>
  </frame>
  <frame idx="425" w="282" h="395" x="0.000000" y="-102.399994">
   <element name="neutron_collector" layername="neutron_collector" frame="0" z_index="3" m_a="1.000000" m_b="0.000000" m_c="0.000000" m_d="1.000000" m_tx="0.000000" m_ty="0.000000"/>
  </frame>
  <frame idx="450" w="282" h="395" x="0.000000" y="-102.399994">
   <element name="neutron_collector" layername="neutron_collector" frame="0" z_index="3" m_a="1.000000" m_b="0.000000" m_c="0.000000" m_d="1.000000" m_tx="0.000000" m_ty="0.000000"/>
  </frame>
  <frame idx="475" w="282" h="395" x="0.000000" y="-102.399994">
   <element name="neutron_collector" layername="neutron_collector" frame="0" z_index="3" m_a="1.000000" m_b="0.000000" m_c="0.000000" m_d="1.000000" m_tx="0.000000" m_ty="0.000000"/>
  </frame>
  <frame idx="500" w="282" h="395" x="0.000000" y="-102.399994">
   <element name="neutron_collector" layername="neutron_collector" frame="0" z_index="3" m_a="1.000000" m_b="0.000000" m_c="0.000000" m_d="1.000000" m_tx="0.000000" m_ty="0.000000"/>
  </frame>
  <frame idx="525" w="282" h="395" x="0.000000" y="-102.399994">
   <element name="neutron_collector" layername="neutron_collector" frame="0" z_index="3" m_a="1.000000" m_b="0.000000" m_c="0.000000" m_d="1.000000" m_tx="0.000000" m_ty="0.000000"/>
  </frame>
  <frame idx="550" w="282" h="395" x="0.000000" y="-102.399994">
   <element name="neutron_collector" layername="neutron_collector" frame="0" z_index="3" m_a="1.000000" m_b="0.000000" m_c="0.000000" m_d="1.000000" m_tx="0.000000" m_ty="0.000000"/>
  </frame>
  <frame idx="575" w="282" h="395" x="0.000000" y="-102.399994">
   <element name="neutron_collector" layername="neutron_collector" frame="0" z_index="3" m_a="1.000000" m_b="0.000000" m_c="0.000000" m_d="1.000000" m_tx="0.000000" m_ty="0.000000"/>
  </frame>
  <frame idx="600" w="282" h="395" x="0.000000" y="-102.399994">
   <element name="neutron_collector" layername="neutron_collector" frame="0" z_index="3" m_a="1.000000" m_b="0.000000" m_c="0.000000" m_d="1.000000" m_tx="0.000000" m_ty="0.000000"/>
  </frame>
  <frame idx="625" w="282" h="395" x="0.000000" y="-102.399994">
   <element name="neutron_collector" layername="neutron_collector" frame="0" z_index="3" m_a="1.000000" m_b="0.000000" m_c="0.000000" m_d="1.000000" m_tx="0.000000" m_ty="0.000000"/>
  </frame>
  <frame idx="650" w="282" h="395" x="0.000000" y="-102.399994">
   <element name="neutron_collector" layername="neutron_collector" frame="0" z_index="3" m_a="1.000000" m_b="0.000000" m_c="0.000000" m_d="1.000000" m_tx="0.000000" m_ty="0.000000"/>
  </frame>
  <frame idx="675" w="282" h="395" x="0.000000" y="-102.399994">
   <element name="neutron_collector" layername="neutron_collector" frame="0" z_index="3" m_a="1.000000" m_b="0.000000" m_c="0.000000" m_d="1.000000" m_tx="0.000000" m_ty="0.000000"/>
  </frame>
  <frame idx="700" w="282" h="395" x="0.000000" y="-102.399994">
   <element name="neutron_collector" layername="neutron_collector" frame="0" z_index="3" m_a="1.000000" m_b="0.000000" m_c="0.000000" m_d="1.000000" m_tx="0.000000" m_ty="0.000000"/>
  </frame>
  <frame idx="725" w="282" h="395" x="0.000000" y="-102.399994">
   <element name="neutron_collector" layername="neutron_collector" frame="0" z_index="3" m_a="1.000000" m_b="0.000000" m_c="0.000000" m_d="1.000000" m_tx="0.000000" m_ty="0.000000"/>
  </frame>
  <frame idx="750" w="282" h="395" x="0.000000" y="-102.399994">
   <element name="neutron_collector" layername="neutron_collector" frame="0" z_index="3" m_a="1.000000" m_b="0.000000" m_c="0.000000" m_d="1.000000" m_tx="0.000000" m_ty="0.000000"/>
  </frame>
  <frame idx="775" w="282" h="395" x="0.000000" y="-102.399994">
   <element name="neutron_collector" layername="neutron_collector" frame="0" z_index="3" m_a="1.000000" m_b="0.000000" m_c="0.000000" m_d="1.000000" m_tx="0.000000" m_ty="0.000000"/>
  </frame>
  <frame idx="800" w="282" h="395" x="0.000000" y="-102.399994">
   <element name="neutron_collector" layername="neutron_collector" frame="0" z_index="3" m_a="1.000000" m_b="0.000000" m_c="0.000000" m_d="1.000000" m_tx="0.000000" m_ty="0.000000"/>
  </frame>
  <frame idx="825" w="282" h="395" x="0.000000" y="-102.399994">
   <element name="neutron_collector" layername="neutron_collector" frame="0" z_index="3" m_a="1.000000" m_b="0.000000" m_c="0.000000" m_d="1.000000" m_tx="0.000000" m_ty="0.000000"/>
  </frame>
  <frame idx="850" w="282" h="395" x="0.000000" y="-102.399994">
   <element name="neutron_collector" layername="neutron_collector" frame="0" z_index="3" m_a="1.000000" m_b="0.000000" m_c="0.000000" m_d="1.000000" m_tx="0.000000" m_ty="0.000000"/>
  </frame>
  <frame idx="875" w="282" h="395" x="0.000000" y="-102.399994">
   <element name="neutron_collector" layername="neutron_collector" frame="0" z_index="3" m_a="1.000000" m_b="0.000000" m_c="0.000000" m_d="1.000000" m_tx="0.000000" m_ty="0.000000"/>
  </frame>
  <frame idx="900" w="282" h="395" x="0.000000" y="-102.399994">
   <element name="neutron_collector" layername="neutron_collector" frame="0" z_index="3" m_a="1.000000" m_b="0.000000" m_c="0.000000" m_d="1.000000" m_tx="0.000000" m_ty="0.000000"/>
  </frame>
  <frame idx="925" w="282" h="395" x="0.000000" y="-102.399994">
   <element name="neutron_collector" layername="neutron_collector" frame="0" z_index="3" m_a="1.000000" m_b="0.000000" m_c="0.000000" m_d="1.000000" m_tx="0.000000" m_ty="0.000000"/>
  </frame>
  <frame idx="950" w="282" h="395" x="0.000000" y="-102.399994">
   <element name="neutron_collector" layername="neutron_collector" frame="0" z_index="3" m_a="1.000000" m_b="0.000000" m_c="0.000000" m_d="1.000000" m_tx="0.000000" m_ty="0.000000"/>
  </frame>
  <frame idx="975" w="282" h="395" x="0.000000" y="-102.399994">
   <element name="neutron_collector" layername="neutron_collector" frame="0" z_index="3" m_a="1.000000" m_b="0.000000" m_c="0.000000" m_d="1.000000" m_tx="0.000000" m_ty="0.000000"/>
  </frame>
 </anim>
 <anim name="idle_loop" root="neutron_collector" numframes="1000" framerate="40">
  <frame idx="0" w="282" h="395" x="0.000000" y="-102.399994">
   <element name="neutron_collector" layername="neutron_collector" frame="0" z_index="3" m_a="1.000000" m_b="0.000000" m_c="0.000000" m_d="1.000000" m_tx="0.000000" m_ty="0.000000"/>
  </frame>
  <frame idx="25" w="282" h="394" x="0.000000" y="-103.187637">
   <element name="neutron_collector" layername="neutron_collector" frame="0" z_index="3" m_a="1.000000" m_b="0.000000" m_c="0.000000" m_d="0.993847" m_tx="0.000000" m_ty="0.000000"/>
  </frame>
  <frame idx="50" w="282" h="393" x="0.000000" y="-103.975288">
   <element name="neutron_collector" layername="neutron_collector" frame="0" z_index="3" m_a="1.000000" m_b="0.000000" m_c="0.000000" m_d="0.987693" m_tx="0.000000" m_ty="0.000000"/>
  </frame>
  <frame idx="75" w="282" h="393" x="0.000000" y="-104.762932">
   <element name="neutron_collector" layername="neutron_collector" frame="0" z_index="3" m_a="1.000000" m_b="0.000000" m_c="0.000000" m_d="0.981540" m_tx="0.000000" m_ty="0.000000"/>
  </frame>
  <frame idx="100" w="282" h="392" x="0.000000" y="-105.550583">
   <element name="neutron_collector" layername="neutron_collector" frame="0" z_index="3" m_a="1.000000" m_b="0.000000" m_c="0.000000" m_d="0.975386" m_tx="0.000000" m_ty="0.000000"/>
  </frame>
  <frame idx="125" w="282" h="391" x="0.000000" y="-106.338226">
   <element name="neutron_collector" layername="neutron_collector" frame="0" z_index="3" m_a="1.000000" m_b="0.000000" m_c="0.000000" m_d="0.969233" m_tx="0.000000" m_ty="0.000000"/>
  </frame>
  <frame idx="150" w="282" h="390" x="0.000000" y="-107.125870">
   <element name="neutron_collector" layername="neutron_collector" frame="0" z_index="3" m_a="1.000000" m_b="0.000000" m_c="0.000000" m_d="0.963079" m_tx="0.000000" m_ty="0.000000"/>
  </frame>
  <frame idx="175" w="282" h="389" x="0.000000" y="-107.913521">
   <element name="neutron_collector" layername="neutron_collector" frame="0" z_index="3" m_a="1.000000" m_b="0.000000" m_c="0.000000" m_d="0.956926" m_tx="0.000000" m_ty="0.000000"/>
  </frame>
  <frame idx="200" w="282" h="389" x="0.000000" y="-108.701164">
   <element name="neutron_collector" layername="neutron_collector" frame="0" z_index="3" m_a="1.000000" m_b="0.000000" m_c="0.000000" m_d="0.950772" m_tx="0.000000" m_ty="0.000000"/>
  </frame>
  <frame idx="225" w="282" h="388" x="0.000000" y="-109.488808">
   <element name="neutron_collector" layername="neutron_collector" frame="0" z_index="3" m_a="1.000000" m_b="0.000000" m_c="0.000000" m_d="0.944619" m_tx="0.000000" m_ty="0.000000"/>
  </frame>
  <frame idx="250" w="282" h="387" x="0.000000" y="-110.276459">
   <element name="neutron_collector" layername="neutron_collector" frame="0" z_index="3" m_a="1.000000" m_b="0.000000" m_c="0.000000" m_d="0.938465" m_tx="0.000000" m_ty="0.000000"/>
  </frame>
  <frame idx="275" w="282" h="385" x="0.000000" y="-111.064102">
   <element name="neutron_collector" layername="neutron_collector" frame="0" z_index="3" m_a="1.000000" m_b="0.000000" m_c="0.000000" m_d="0.932312" m_tx="0.000000" m_ty="0.000000"/>
  </frame>
  <frame idx="300" w="282" h="384" x="0.000000" y="-111.851746">
   <element name="neutron_collector" layername="neutron_collector" frame="0" z_index="3" m_a="1.000000" m_b="0.000000" m_c="0.000000" m_d="0.926158" m_tx="0.000000" m_ty="0.000000"/>
  </frame>
  <frame idx="325" w="282" h="385" x="0.000000" y="-111.059898">
   <element name="neutron_collector" layername="neutron_collector" frame="0" z_index="3" m_a="1.000000" m_b="0.000000" m_c="0.000000" m_d="0.932344" m_tx="0.000000" m_ty="0.000000"/>
  </frame>
  <frame idx="350" w="282" h="387" x="0.000000" y="-110.202232">
   <element name="neutron_collector" layername="neutron_collector" frame="0" z_index="3" m_a="1.000000" m_b="0.000000" m_c="0.000000" m_d="0.939045" m_tx="0.000000" m_ty="0.000000"/>
  </frame>
  <frame idx="375" w="282" h="388" x="0.000000" y="-109.344574">
   <element name="neutron_collector" layername="neutron_collector" frame="0" z_index="3" m_a="1.000000" m_b="0.000000" m_c="0.000000" m_d="0.945745" m_tx="0.000000" m_ty="0.000000"/>
  </frame>
  <frame idx="400" w="282" h="389" x="0.000000" y="-108.486908">
   <element name="neutron_collector" layername="neutron_collector" frame="0" z_index="3" m_a="1.000000" m_b="0.000000" m_c="0.000000" m_d="0.952446" m_tx="0.000000" m_ty="0.000000"/>
  </frame>
  <frame idx="425" w="282" h="390" x="0.000000" y="-107.629242">
   <element name="neutron_collector" layername="neutron_collector" frame="0" z_index="3" m_a="1.000000" m_b="0.000000" m_c="0.000000" m_d="0.959146" m_tx="0.000000" m_ty="0.000000"/>
  </frame>
  <frame idx="450" w="282" h="391" x="0.000000" y="-106.771576">
   <element name="neutron_collector" layername="neutron_collector" frame="0" z_index="3" m_a="1.000000" m_b="0.000000" m_c="0.000000" m_d="0.965847" m_tx="0.000000" m_ty="0.000000"/>
  </frame>
  <frame idx="475" w="282" h="391" x="0.000000" y="-105.913918">
   <element name="neutron_collector" layername="neutron_collector" frame="0" z_index="3" m_a="1.000000" m_b="0.000000" m_c="0.000000" m_d="0.972547" m_tx="0.000000" m_ty="0.000000"/>
  </frame>
  <frame idx="500" w="282" h="392" x="0.000000" y="-105.056252">
   <element name="neutron_collector" layername="neutron_collector" frame="0" z_index="3" m_a="1.000000" m_b="0.000000" m_c="0.000000" m_d="0.979248" m_tx="0.000000" m_ty="0.000000"/>
  </frame>
  <frame idx="525" w="282" h="393" x="0.000000" y="-104.198586">
   <element name="neutron_collector" layername="neutron_collector" frame="0" z_index="3" m_a="1.000000" m_b="0.000000" m_c="0.000000" m_d="0.985949" m_tx="0.000000" m_ty="0.000000"/>
  </frame>
  <frame idx="550" w="282" h="394" x="0.000000" y="-103.340927">
   <element name="neutron_collector" layername="neutron_collector" frame="0" z_index="3" m_a="1.000000" m_b="0.000000" m_c="0.000000" m_d="0.992649" m_tx="0.000000" m_ty="0.000000"/>
  </frame>
  <frame idx="575" w="282" h="395" x="0.000000" y="-102.483261">
   <element name="neutron_collector" layername="neutron_collector" frame="0" z_index="3" m_a="1.000000" m_b="0.000000" m_c="0.000000" m_d="0.999349" m_tx="0.000000" m_ty="0.000000"/>
  </frame>
  <frame idx="600" w="282" h="396" x="0.000000" y="-101.625595">
   <element name="neutron_collector" layername="neutron_collector" frame="0" z_index="3" m_a="1.000000" m_b="0.000000" m_c="0.000000" m_d="1.006050" m_tx="0.000000" m_ty="0.000000"/>
  </frame>
  <frame idx="625" w="282" h="398" x="0.000000" y="-100.767929">
   <element name="neutron_collector" layername="neutron_collector" frame="0" z_index="3" m_a="1.000000" m_b="0.000000" m_c="0.000000" m_d="1.012751" m_tx="0.000000" m_ty="0.000000"/>
  </frame>
  <frame idx="650" w="282" h="398" x="0.000000" y="-99.910263">
   <element name="neutron_collector" layername="neutron_collector" frame="0" z_index="3" m_a="1.000000" m_b="0.000000" m_c="0.000000" m_d="1.019451" m_tx="0.000000" m_ty="0.000000"/>
  </frame>
  <frame idx="675" w="282" h="399" x="0.000000" y="-99.052612">
   <element name="neutron_collector" layername="neutron_collector" frame="0" z_index="3" m_a="1.000000" m_b="0.000000" m_c="0.000000" m_d="1.026151" m_tx="0.000000" m_ty="0.000000"/>
  </frame>
  <frame idx="700" w="282" h="400" x="0.000000" y="-98.243103">
   <element name="neutron_collector" layername="neutron_collector" frame="0" z_index="3" m_a="1.000000" m_b="0.000000" m_c="0.000000" m_d="1.032476" m_tx="0.000000" m_ty="0.000000"/>
  </frame>
  <frame idx="725" w="282" h="400" x="0.000000" y="-98.589508">
   <element name="neutron_collector" layername="neutron_collector" frame="0" z_index="3" m_a="1.000000" m_b="0.000000" m_c="0.000000" m_d="1.029769" m_tx="0.000000" m_ty="0.000000"/>
  </frame>
  <frame idx="750" w="282" h="399" x="0.000000" y="-98.935913">
   <element name="neutron_collector" layername="neutron_collector" frame="0" z_index="3" m_a="1.000000" m_b="0.000000" m_c="0.000000" m_d="1.027063" m_tx="0.000000" m_ty="0.000000"/>
  </frame>
  <frame idx="775" w="282" h="399" x="0.000000" y="-99.282333">
   <element name="neutron_collector" layername="neutron_collector" frame="0" z_index="3" m_a="1.000000" m_b="0.000000" m_c="0.000000" m_d="1.024357" m_tx="0.000000" m_ty="0.000000"/>
  </frame>
  <frame idx="800" w="282" h="399" x="0.000000" y="-99.628738">
   <element name="neutron_collector" layername="neutron_collector" frame="0" z_index="3" m_a="1.000000" m_b="0.000000" m_c="0.000000" m_d="1.021650" m_tx="0.000000" m_ty="0.000000"/>
  </frame>
  <frame idx="825" w="282" h="398" x="0.000000" y="-99.975143">
   <element name="neutron_collector" layername="neutron_collector" frame="0" z_index="3" m_a="1.000000" m_b="0.000000" m_c="0.000000" m_d="1.018944" m_tx="0.000000" m_ty="0.000000"/>
  </frame>
  <frame idx="850" w="282" h="398" x="0.000000" y="-100.321548">
   <element name="neutron_collector" layername="neutron_collector" frame="0" z_index="3" m_a="1.000000" m_b="0.000000" m_c="0.000000" m_d="1.016238" m_tx="0.000000" m_ty="0.000000"/>
  </frame>
  <frame idx="875" w="282" h="398" x="0.000000" y="-100.667953">
   <element name="neutron_collector" layername="neutron_collector" frame="0" z_index="3" m_a="1.000000" m_b="0.000000" m_c="0.000000" m_d="1.013532" m_tx="0.000000" m_ty="0.000000"/>
  </frame>
  <frame idx="900" w="282" h="396" x="0.000000" y="-101.014359">
   <element name="neutron_collector" layername="neutron_collector" frame="0" z_index="3" m_a="1.000000" m_b="0.000000" m_c="0.000000" m_d="1.010825" m_tx="0.000000" m_ty="0.000000"/>
  </frame>
  <frame idx="925" w="282" h="396" x="0.000000" y="-101.360779">
   <element name="neutron_collector" layername="neutron_collector" frame="0" z_index="3" m_a="1.000000" m_b="0.000000" m_c="0.000000" m_d="1.008119" m_tx="0.000000" m_ty="0.000000"/>
  </frame>
  <frame idx="950" w="282" h="396" x="0.000000" y="-101.707184">
   <element name="neutron_collector" layername="neutron_collector" frame="0" z_index="3" m_a="1.000000" m_b="0.000000" m_c="0.000000" m_d="1.005413" m_tx="0.000000" m_ty="0.000000"/>
  </frame>
  <frame idx="975" w="282" h="395" x="0.000000" y="-102.053589">
   <element name="neutron_collector" layername="neutron_collector" frame="0" z_index="3" m_a="1.000000" m_b="0.000000" m_c="0.000000" m_d="1.002706" m_tx="0.000000" m_ty="0.000000"/>
  </frame>
 </anim>
</Anims>
